Protein_number,PB1,PB2,expected_frequency,AA1,AA2,S2_1,S2_2
3,b,i,0.29800818,V,G,C,C
4,j,c,0.1517408,G,R,E,E
4,p,n,0.72686636,G,E,C,T
4,a,a,0.0,G,G,S,S
6,g,a,0.19421507,G,G,S,C
6,f,g,0.89597752,W,K,B,S
9,p,k,0.26528063,G,T,C,H
12,m,j,0.42679142,Y,G,T,T
12,j,n,0.90013854,G,S,T,T
13,e,g,0.6839685,S,E,S,S
13,g,i,0.07095006,E,G,S,S
14,i,e,0.61885366,L,P,E,E
15,a,a,0.0,G,V,C,C
16,b,o,0.07085875,G,Q,T,C
17,d,k,0.01492279,F,E,E,E
17,k,k,0.08897823,E,D,E,E
17,k,p,0.31450599,D,R,E,E
17,m,j,0.42679142,E,G,H,C
17,j,n,0.90013854,G,G,C,T
17,e,o,0.79978747,D,N,C,T
18,f,h,0.05352005,A,L,E,C
18,h,c,0.04964654,E,N,S,C
18,c,a,0.14757046,N,G,C,C
21,j,n,0.90013854,G,a,T,T
21,i,h,0.50737924,D,R,S,S
21,h,g,0.30572593,R,N,S,S
25,j,i,0.84714395,Y,K,C,S
25,j,h,0.66638455,L,V,E,E
27,j,j,0.88005537,G,S,S,T
27,b,i,0.29800818,T,G,C,C
28,j,i,0.84714395,L,G,C,S
28,a,o,0.18754127,D,W,T,B
29,e,i,0.17939404,I,G,E,E
31,k,m,0.02682402,a,V,H,H
31,a,p,0.322798,K,A,S,S
31,p,k,0.26528063,G,I,C,G
32,g,p,0.3042022,E,G,S,C
33,g,a,0.19421507,G,T,C,B
33,a,i,0.57362598,b,G,B,S
35,a,n,0.41255393,L,N,C,T
38,a,a,0.0,N,R,S,C
40,c,h,0.40566421,A,T,C,C
40,i,e,0.61885366,G,S,C,S
40,a,l,0.08458936,H,Q,T,C
40,i,h,0.50737924,G,R,T,T
40,a,o,0.18754127,W,H,C,T
40,k,i,0.82703776,P,F,C,S
41,e,c,0.19759463,D,Q,S,C
41,a,i,0.57362598,W,G,S,S
41,g,i,0.07095006,A,Y,S,S
41,p,h,0.06909256,G,R,S,S
43,p,k,0.26528063,G,L,C,G
44,b,o,0.07085875,E,F,T,T
46,p,n,0.72686636,G,K,T,C
50,c,l,0.10898551,N,T,C,S
53,i,h,0.50737924,G,A,T,T
53,f,h,0.05352005,T,V,B,C
59,a,a,0.0,K,Q,T,C
59,a,l,0.08458936,Q,E,C,C
59,e,o,0.79978747,I,L,T,T
62,c,l,0.10898551,N,T,C,S
63,a,i,0.57362598,T,G,C,S
63,i,e,0.61885366,G,K,S,C
66,e,o,0.79978747,I,G,T,T
67,j,h,0.66638455,G,S,T,T
67,a,n,0.41255393,P,Q,T,T
73,g,e,0.54480095,a,M,C,B
73,j,j,0.88005537,G,G,C,C
73,j,i,0.84714395,Q,G,S,S
73,n,c,0.08749015,F,L,H,H
73,c,n,0.24805078,S,N,S,C
73,j,o,0.289314,H,S,S,S
73,h,e,0.52837303,A,Y,C,C
76,k,m,0.02682402,H,L,I,I
76,f,m,0.0207453,T,G,C,S
81,p,o,0.2133923,E,I,T,C
81,i,h,0.50737924,G,F,S,T
83,f,d,0.04766503,V,R,C,C
83,k,m,0.02682402,A,V,I,H
83,n,a,0.12308375,E,W,C,C
83,i,h,0.50737924,L,L,S,C
84,a,a,0.0,Y,E,E,E
84,p,n,0.72686636,K,Y,C,S
86,k,i,0.82703776,S,N,C,C
87,j,h,0.66638455,G,I,E,T
95,e,c,0.19759463,P,G,S,S
100,f,f,0.15176749,Y,L,E,C
100,a,n,0.41255393,S,S,C,S
101,e,o,0.79978747,K,G,T,S
102,b,i,0.29800818,I,G,E,E
103,i,e,0.61885366,G,W,C,E
103,f,f,0.15176749,S,S,E,C
103,i,e,0.61885366,G,Q,C,B
103,b,i,0.29800818,G,G,C,C
104,a,l,0.08458936,S,L,S,S
105,j,j,0.88005537,G,D,S,C
105,c,m,0.01023768,Y,N,S,C
105,i,h,0.50737924,N,Y,T,G
110,c,n,0.24805078,H,P,S,T
110,e,c,0.19759463,A,V,C,C
110,d,m,0.0,G,G,S,C
112,h,c,0.04964654,K,G,S,S
115,p,e,0.18984179,G,I,C,S
117,e,o,0.79978747,E,D,T,T
119,a,a,0.0,H,Y,T,E
121,l,j,0.64376691,I,K,C,T
124,h,n,0.3830771,A,G,C,S
127,h,c,0.04964654,L,G,E,E
127,c,l,0.10898551,G,A,T,T
127,h,m,0.01574766,C,G,S,S
130,j,i,0.84714395,G,G,E,C
132,g,k,0.07320121,R,R,S,C
132,a,i,0.57362598,L,N,B,S
135,n,h,0.30353502,L,I,S,S
141,p,n,0.72686636,S,A,G,S
141,k,i,0.82703776,A,S,C,C
142,h,e,0.52837303,T,G,E,C
144,h,c,0.04964654,E,G,S,S
144,e,o,0.79978747,L,D,S,S
146,i,e,0.61885366,N,P,S,C
146,a,a,0.0,G,S,C,C
147,l,j,0.64376691,Y,D,T,T
151,p,n,0.72686636,Q,L,G,C
152,j,j,0.88005537,G,G,C,T
152,j,n,0.90013854,G,D,T,T
158,p,h,0.06909256,N,F,C,T
162,e,i,0.17939404,G,G,C,C
162,n,c,0.08749015,L,M,G,T
162,g,e,0.54480095,Q,V,E,E
164,p,o,0.2133923,D,I,T,C
165,j,c,0.1517408,G,D,C,E
165,k,p,0.31450599,Y,N,E,E
166,k,h,0.09155339,A,K,C,T
166,j,h,0.66638455,S,Q,S,S
166,j,o,0.289314,G,D,C,C
166,a,i,0.57362598,K,N,S,S
166,f,g,0.89597752,G,T,S,S
166,h,o,0.19443792,N,G,H,H
172,f,f,0.15176749,F,A,E,C
172,n,p,0.20230846,W,G,G,T
172,a,a,0.0,G,N,C,C
174,a,o,0.18754127,G,L,C,C
175,e,c,0.19759463,T,Y,C,C
175,j,h,0.66638455,G,N,S,E
176,p,n,0.72686636,G,L,T,C
176,g,n,0.20558792,N,Q,S,G
176,n,h,0.30353502,Q,G,G,G
176,c,m,0.01023768,T,F,S,C
176,n,h,0.30353502,I,V,S,S
178,p,k,0.26528063,N,P,C,H
178,k,p,0.31450599,T,D,C,C
182,n,p,0.20230846,L,G,T,T
182,g,a,0.19421507,G,K,C,S
182,a,i,0.57362598,K,A,S,S
182,l,f,0.15811605,G,D,S,S
182,n,h,0.30353502,F,K,T,T
186,n,a,0.12308375,G,F,T,S
186,a,p,0.322798,F,G,S,C
186,p,k,0.26528063,G,D,C,T
188,a,i,0.57362598,S,N,T,T
188,j,c,0.1517408,G,I,C,C
188,p,e,0.18984179,G,T,C,C
188,j,c,0.1517408,G,L,C,B
191,p,o,0.2133923,G,M,C,T
191,g,e,0.54480095,K,R,C,B
191,c,l,0.10898551,K,N,C,C
191,i,h,0.50737924,A,a,S,S
191,c,n,0.24805078,S,N,S,S
191,f,m,0.0207453,E,T,C,S
191,l,f,0.15811605,R,F,T,T
193,h,o,0.19443792,H,G,G,G
196,h,n,0.3830771,Q,G,S,S
196,e,o,0.79978747,D,R,T,T
198,e,c,0.19759463,K,K,C,C
203,b,n,0.23812249,P,E,S,S
204,i,h,0.50737924,G,F,C,C
205,k,k,0.08897823,H,M,S,G
209,j,n,0.90013854,G,S,T,T
210,a,o,0.18754127,H,H,C,C
210,l,j,0.64376691,F,G,T,B
210,i,n,0.05333143,G,G,G,T
211,p,d,0.00093842,S,M,T,E
213,a,a,0.0,f,G,C,C
213,h,n,0.3830771,M,G,S,S
213,i,h,0.50737924,D,L,S,S
213,p,k,0.26528063,G,Y,C,H
218,j,h,0.66638455,Q,G,H,T
219,j,i,0.84714395,G,G,S,C
219,e,l,0.01734166,M,D,S,S
219,c,a,0.14757046,G,S,S,C
219,e,p,0.00265792,L,M,C,C
219,a,a,0.0,G,P,E,E
222,g,d,0.06591404,A,E,S,S
222,n,p,0.20230846,R,G,T,T
227,b,o,0.07085875,L,L,C,T
227,i,o,0.12017903,G,P,S,T
227,k,e,0.06792017,G,L,C,C
227,j,c,0.1517408,G,E,E,E
228,k,d,0.0097925,K,K,S,S
228,c,h,0.40566421,K,G,S,S
230,a,i,0.57362598,L,G,C,S
230,k,k,0.08897823,G,D,C,H
230,a,i,0.57362598,T,G,C,C
231,h,e,0.52837303,K,G,S,S
233,g,d,0.06591404,H,H,C,S
233,o,f,0.02825469,V,N,H,C
234,f,f,0.15176749,P,C,C,C
234,h,c,0.04964654,F,G,S,S
235,c,n,0.24805078,G,V,C,S
235,n,h,0.30353502,V,T,S,S
235,a,o,0.18754127,Y,T,C,S
235,g,n,0.20558792,G,R,T,G
235,n,h,0.30353502,R,G,G,G
235,h,n,0.3830771,G,G,G,G
235,j,c,0.1517408,G,L,C,B
235,h,g,0.30572593,A,c,T,T
238,p,k,0.26528063,G,Q,C,H
239,k,h,0.09155339,A,H,C,T
239,p,h,0.06909256,F,K,S,T
239,k,p,0.31450599,S,A,C,C
239,i,d,0.0405706,G,S,E,E
242,g,d,0.06591404,T,S,E,C
242,i,m,0.00466524,H,S,T,C
243,j,n,0.90013854,S,Y,G,G
243,e,l,0.01734166,V,W,C,S
243,p,k,0.26528063,G,E,C,T
245,g,k,0.07320121,D,L,E,C
245,k,i,0.82703776,L,K,C,C
246,c,h,0.40566421,F,L,G,C
250,k,i,0.82703776,A,E,C,C
250,e,o,0.79978747,S,H,T,T
250,j,h,0.66638455,G,Q,S,C
250,o,f,0.02825469,N,I,T,C
250,k,d,0.0097925,N,D,S,C
254,h,a,0.0,L,G,C,S
259,i,h,0.50737924,m,F,E,E
259,j,n,0.90013854,G,S,C,T
260,g,n,0.20558792,T,H,E,E
263,f,f,0.15176749,V,D,C,C
263,m,d,0.00280334,G,Q,C,C
268,n,h,0.30353502,c,D,T,S
268,n,h,0.30353502,f,D,T,S
276,e,g,0.6839685,R,V,E,E
277,e,o,0.79978747,C,E,S,S
277,e,o,0.79978747,Q,V,T,T
278,g,d,0.06591404,a,b,C,C
279,g,e,0.54480095,R,V,E,E
281,i,n,0.05333143,V,N,S,S
283,g,e,0.54480095,V,Y,B,C
285,j,o,0.289314,N,Y,T,T
285,n,a,0.12308375,G,A,T,C
285,a,p,0.322798,A,G,C,C
285,k,i,0.82703776,S,Y,C,C
285,i,n,0.05333143,Y,S,C,C
285,e,a,0.05917278,G,P,B,S
285,p,e,0.18984179,G,L,C,B
286,h,e,0.52837303,N,G,S,C
287,e,c,0.19759463,T,H,C,C
287,i,b,0.09100695,I,I,C,E
291,f,o,0.02479451,H,T,S,C
291,p,k,0.26528063,G,I,C,H
293,i,h,0.50737924,S,N,T,T
293,p,p,0.03191235,G,W,T,S
293,i,p,0.08721953,S,G,C,C
297,e,c,0.19759463,M,V,E,E
298,p,i,0.11966086,N,S,T,S
299,g,p,0.3042022,V,G,H,C
302,b,i,0.29800818,V,G,C,S
302,e,g,0.6839685,V,Y,E,E
302,j,i,0.84714395,G,G,C,C
302,f,m,0.0207453,N,E,C,H
302,f,f,0.15176749,Q,G,C,C
302,j,n,0.90013854,K,H,G,G
303,c,h,0.40566421,L,V,C,C
304,k,p,0.31450599,K,N,C,C
307,e,o,0.79978747,V,G,C,S
310,i,i,0.47029569,G,N,S,C
311,n,c,0.08749015,K,K,T,S
316,h,o,0.19443792,T,a,C,T
317,j,c,0.1517408,G,S,E,E
327,n,p,0.20230846,N,S,T,S
328,a,n,0.41255393,A,a,S,S
330,g,p,0.3042022,L,G,H,S
330,e,c,0.19759463,A,G,S,S
330,j,i,0.84714395,G,E,S,C
334,e,i,0.17939404,W,F,T,T
334,i,i,0.47029569,F,G,T,C
334,l,j,0.64376691,C,G,C,T
334,j,h,0.66638455,G,S,S,G
336,g,e,0.54480095,R,Y,E,E
343,p,n,0.72686636,G,Q,S,T
343,p,n,0.72686636,G,Q,S,T
343,k,p,0.31450599,K,S,S,S
343,j,n,0.90013854,G,E,S,T
343,f,f,0.15176749,R,D,E,C
345,j,g,0.43479491,K,M,C,B
345,g,d,0.06591404,M,N,B,C
348,h,n,0.3830771,N,G,H,H
348,m,j,0.42679142,G,G,C,S
349,a,a,0.0,G,G,C,E
351,l,f,0.15811605,I,T,C,C
351,f,f,0.15176749,I,N,E,C
354,e,o,0.79978747,D,E,S,S
356,c,m,0.01023768,F,L,T,T
358,k,k,0.08897823,A,T,C,T
361,a,a,0.0,G,V,B,B
365,e,o,0.79978747,A,D,T,T
368,j,h,0.66638455,G,S,T,T
369,l,f,0.15811605,D,A,T,C
370,p,k,0.26528063,G,R,C,C
370,n,p,0.20230846,A,G,T,T
372,j,h,0.66638455,G,D,T,T
378,g,d,0.06591404,S,A,C,C
378,p,b,0.03312099,G,V,C,S
378,i,h,0.50737924,H,R,S,C
378,a,p,0.322798,D,G,S,C
378,i,i,0.47029569,G,G,T,T
379,p,h,0.06909256,b,I,S,B
379,e,c,0.19759463,A,W,E,E
380,n,c,0.08749015,S,D,I,S
384,k,i,0.82703776,D,G,C,C
384,a,n,0.41255393,T,E,S,T
384,p,k,0.26528063,G,A,C,H
384,c,h,0.40566421,N,G,E,C
384,d,a,0.02504951,G,A,C,C
386,p,k,0.26528063,G,G,C,G
391,p,n,0.72686636,Q,D,T,C
391,n,k,0.02987315,D,L,C,C
391,p,k,0.26528063,G,A,C,G
397,e,o,0.79978747,E,T,S,C
397,h,o,0.19443792,M,G,G,G
400,m,i,0.02708046,G,F,C,S
400,i,m,0.00466524,Q,G,S,S
400,g,k,0.07320121,D,H,C,C
401,p,k,0.26528063,G,D,C,T
401,g,k,0.07320121,L,A,C,C
401,k,i,0.82703776,A,D,C,C
401,h,g,0.30572593,E,A,S,S
402,h,n,0.3830771,S,G,T,T
407,a,p,0.322798,K,G,T,E
408,j,j,0.88005537,G,N,S,T
409,n,p,0.20230846,F,G,T,T
409,j,n,0.90013854,G,V,C,T
409,p,k,0.26528063,G,K,C,T
409,j,n,0.90013854,G,H,S,S
409,k,p,0.31450599,L,R,C,C
410,m,j,0.42679142,R,G,S,T
416,h,e,0.52837303,L,R,C,C
416,a,p,0.322798,G,K,C,C
418,p,n,0.72686636,Q,A,H,T
423,c,m,0.01023768,H,V,C,C
423,g,a,0.19421507,G,F,C,C
427,p,k,0.26528063,G,E,C,H
428,f,f,0.15176749,R,P,C,S
429,a,i,0.57362598,L,H,E,E
432,c,n,0.24805078,a,G,C,S
435,g,a,0.19421507,L,G,C,S
435,f,f,0.15176749,Q,A,S,S
436,a,p,0.322798,X,X,T,S
436,b,i,0.29800818,X,X,S,C
436,f,m,0.0207453,S,S,C,C
439,a,a,0.0,G,V,E,E
439,g,p,0.3042022,G,G,C,S
439,p,b,0.03312099,E,S,S,C
441,e,i,0.17939404,V,D,C,S
441,i,d,0.0405706,G,V,C,E
441,j,h,0.66638455,G,I,S,C
445,h,g,0.30572593,N,N,C,C
447,j,j,0.88005537,G,D,S,T
451,k,i,0.82703776,S,R,C,C
451,i,i,0.47029569,G,G,T,T
454,j,n,0.90013854,G,D,G,G
457,e,o,0.79978747,K,A,T,T
457,i,d,0.0405706,G,R,C,C
458,h,g,0.30572593,N,D,C,C
461,c,h,0.40566421,E,E,E,E
461,j,c,0.1517408,E,T,C,E
462,b,i,0.29800818,W,G,C,C
462,i,c,0.0051707,G,C,C,C
465,p,e,0.18984179,G,G,S,S
465,e,o,0.79978747,G,K,S,C
465,e,g,0.6839685,R,R,E,T
466,f,h,0.05352005,L,D,C,C
466,i,e,0.61885366,N,P,E,E
470,h,e,0.52837303,T,H,E,S
470,g,p,0.3042022,S,G,T,S
471,k,p,0.31450599,T,I,E,E
472,c,l,0.10898551,P,N,S,S
474,g,e,0.54480095,b,R,E,E
474,n,p,0.20230846,Y,N,H,H
475,k,k,0.08897823,N,E,C,G
475,e,i,0.17939404,A,G,E,S
476,g,p,0.3042022,S,G,T,S
476,c,h,0.40566421,T,V,E,C
476,b,i,0.29800818,K,N,S,S
476,l,f,0.15811605,K,T,B,E
476,j,h,0.66638455,G,K,S,G
477,e,c,0.19759463,E,P,C,S
479,a,a,0.0,V,D,C,C
479,a,l,0.08458936,T,D,C,C
481,n,c,0.08749015,Q,I,G,C
483,n,a,0.12308375,G,L,S,S
484,c,h,0.40566421,S,S,E,E
486,e,g,0.6839685,A,D,E,E
489,k,i,0.82703776,L,G,C,C
489,k,h,0.09155339,R,E,C,T
489,b,i,0.29800818,V,G,S,S
492,e,c,0.19759463,W,L,E,E
492,j,n,0.90013854,G,C,T,C
493,g,n,0.20558792,L,N,T,G
493,c,h,0.40566421,L,S,C,C
494,j,h,0.66638455,G,N,S,T
494,e,c,0.19759463,E,K,S,C
495,j,c,0.1517408,G,K,E,S
495,f,f,0.15176749,S,F,E,C
495,j,i,0.84714395,G,G,C,T
495,i,i,0.47029569,G,G,T,T
501,a,o,0.18754127,E,G,S,C
502,b,n,0.23812249,V,G,S,C
502,n,a,0.12308375,G,A,S,C
502,k,p,0.31450599,V,G,C,C
506,k,i,0.82703776,S,S,C,C
506,i,o,0.12017903,S,R,C,S
506,n,p,0.20230846,V,N,T,T
506,a,a,0.0,G,L,S,S
507,c,h,0.40566421,Y,M,E,E
509,f,g,0.89597752,S,N,C,S
513,j,h,0.66638455,G,R,S,S
514,p,n,0.72686636,G,G,T,S
514,i,e,0.61885366,W,I,E,E
514,g,e,0.54480095,T,Q,E,E
514,g,p,0.3042022,F,E,S,S
514,p,i,0.11966086,E,G,S,S
515,i,h,0.50737924,G,S,C,T
518,e,o,0.79978747,G,V,S,C
520,l,f,0.15811605,H,D,S,C
521,g,p,0.3042022,V,G,S,C
522,i,h,0.50737924,G,A,T,T
522,a,o,0.18754127,Y,K,C,C
523,g,e,0.54480095,G,W,C,C
523,j,j,0.88005537,G,A,S,T
524,f,g,0.89597752,M,R,C,C
527,j,c,0.1517408,G,E,E,E
532,i,b,0.09100695,N,S,T,C
532,n,a,0.12308375,H,S,S,S
532,j,h,0.66638455,G,V,T,T
537,a,a,0.0,D,P,C,C
538,a,a,0.0,G,S,S,S
538,f,f,0.15176749,K,F,C,C
542,k,i,0.82703776,S,G,C,C
544,a,i,0.57362598,T,A,E,E
546,p,o,0.2133923,G,E,C,T
547,p,o,0.2133923,G,D,T,B
550,h,e,0.52837303,E,G,E,T
550,j,o,0.289314,G,R,T,T
550,h,c,0.04964654,S,G,E,S
550,k,i,0.82703776,L,R,C,C
551,p,e,0.18984179,G,T,S,C
551,b,i,0.29800818,P,L,C,C
556,f,d,0.04766503,L,G,E,S
557,k,k,0.08897823,R,E,C,G
557,k,m,0.02682402,E,G,G,G
557,a,l,0.08458936,S,A,C,C
558,e,n,0.01462697,R,P,C,C
561,a,a,0.0,G,V,S,C
564,h,m,0.01574766,G,L,T,T
564,i,h,0.50737924,K,L,C,T
566,f,h,0.05352005,I,A,C,C
566,a,a,0.0,K,Y,S,S
566,e,g,0.6839685,V,W,S,S
566,j,i,0.84714395,G,G,S,C
566,e,c,0.19759463,K,Q,B,S
566,i,i,0.47029569,G,N,T,T
569,e,g,0.6839685,A,Y,E,E
569,j,i,0.84714395,G,G,C,C
569,k,p,0.31450599,I,F,C,C
571,j,n,0.90013854,G,R,T,T
572,a,a,0.0,I,E,C,C
572,m,i,0.02708046,G,K,T,T
572,g,n,0.20558792,L,S,T,C
572,n,p,0.20230846,S,G,C,C
575,j,n,0.90013854,G,A,T,T
579,k,p,0.31450599,S,Q,E,C
581,i,h,0.50737924,G,L,T,T
582,c,m,0.01023768,F,T,S,S
583,f,f,0.15176749,K,A,E,S
584,h,o,0.19443792,F,G,S,S
584,g,d,0.06591404,P,W,C,C
586,c,h,0.40566421,T,A,C,S
586,k,p,0.31450599,A,N,C,C
587,e,g,0.6839685,T,D,S,S
587,h,e,0.52837303,V,G,E,C
587,e,g,0.6839685,H,D,S,S
587,e,g,0.6839685,T,N,S,S
594,j,n,0.90013854,G,A,G,G
595,k,k,0.08897823,L,S,C,T
595,g,d,0.06591404,V,I,E,E
597,e,c,0.19759463,R,E,S,S
597,g,a,0.19421507,L,G,G,C
597,a,i,0.57362598,G,R,C,S
599,a,n,0.41255393,P,K,T,T
599,g,e,0.54480095,Y,G,C,C
599,e,i,0.17939404,G,G,C,C
600,c,m,0.01023768,R,I,S,C
602,i,d,0.0405706,G,G,C,C
605,k,e,0.06792017,N,L,S,C
606,g,e,0.54480095,V,R,E,E
608,i,b,0.09100695,K,D,T,C
608,k,k,0.08897823,A,I,C,G
608,k,m,0.02682402,I,G,G,G
613,p,i,0.11966086,M,K,H,S
615,c,h,0.40566421,N,A,S,S
615,h,e,0.52837303,A,G,S,S
615,i,e,0.61885366,A,V,E,E
615,c,h,0.40566421,L,T,E,E
616,c,m,0.01023768,F,D,S,C
616,l,j,0.64376691,V,G,C,T
617,p,d,0.00093842,S,N,C,S
617,c,h,0.40566421,D,H,E,C
618,f,g,0.89597752,L,Q,E,E
619,p,n,0.72686636,E,E,C,S
620,e,l,0.01734166,G,G,S,S
621,l,j,0.64376691,S,G,T,G
621,h,e,0.52837303,I,G,E,S
621,k,m,0.02682402,A,F,H,H
623,j,i,0.84714395,G,G,E,C
624,l,j,0.64376691,M,N,C,C
624,i,h,0.50737924,G,Q,T,C
624,f,f,0.15176749,P,K,C,C
629,l,f,0.15811605,H,G,T,C
631,l,f,0.15811605,R,C,T,C
631,k,p,0.31450599,Y,Q,C,C
632,e,o,0.79978747,N,H,S,S
632,c,a,0.14757046,G,G,C,C
634,j,i,0.84714395,G,G,C,C
636,p,n,0.72686636,E,S,T,T
636,p,n,0.72686636,D,V,G,E
638,k,i,0.82703776,G,S,C,C
638,e,n,0.01462697,Q,D,S,C
638,a,a,0.0,G,G,T,T
640,i,b,0.09100695,R,E,E,T
640,i,b,0.09100695,E,E,S,S
641,a,n,0.41255393,A,G,C,C
641,n,h,0.30353502,G,F,C,T
641,c,m,0.01023768,Y,R,C,B
641,p,n,0.72686636,G,Q,T,S
642,f,d,0.04766503,R,S,C,C
642,l,j,0.64376691,Q,G,S,T
645,p,k,0.26528063,F,G,H,C
647,g,d,0.06591404,P,T,C,C
649,g,p,0.3042022,E,G,T,C
655,f,f,0.15176749,F,S,E,S
655,e,g,0.6839685,V,K,S,S
655,j,h,0.66638455,G,G,S,T
657,g,p,0.3042022,E,G,T,S
657,g,p,0.3042022,A,G,T,S
658,p,k,0.26528063,G,L,C,G
660,k,e,0.06792017,T,P,S,C
660,e,o,0.79978747,P,E,C,C
660,d,h,0.01151601,D,L,E,E
660,h,b,0.00387325,L,G,E,S
662,k,i,0.82703776,L,S,C,C
667,c,a,0.14757046,G,D,S,C
668,k,i,0.82703776,N,G,E,E
668,i,i,0.47029569,G,R,G,G
674,n,p,0.20230846,S,W,E,C
677,p,k,0.26528063,G,E,C,H
684,e,o,0.79978747,R,V,E,C
684,c,a,0.14757046,A,L,S,S
685,f,h,0.05352005,I,H,C,C
687,c,a,0.14757046,G,L,C,E
687,i,o,0.12017903,G,E,T,T
689,i,i,0.47029569,G,b,T,C
689,a,i,0.57362598,K,E,T,T
689,h,e,0.52837303,P,G,S,S
691,e,n,0.01462697,S,D,S,C
692,e,o,0.79978747,G,H,S,C
692,g,k,0.07320121,S,K,E,E
692,j,n,0.90013854,G,R,T,T
692,l,f,0.15811605,F,D,S,C
693,g,a,0.19421507,G,G,C,C
694,g,e,0.54480095,K,A,C,T
699,c,n,0.24805078,L,N,C,C
699,n,h,0.30353502,N,M,C,S
699,f,h,0.05352005,K,R,C,C
699,e,o,0.79978747,H,R,S,T
699,a,a,0.0,G,S,C,E
699,a,i,0.57362598,I,K,S,S
699,p,n,0.72686636,G,T,C,T
699,p,n,0.72686636,S,Q,S,C
699,f,d,0.04766503,P,L,C,S
699,h,n,0.3830771,D,G,S,S
699,n,a,0.12308375,G,A,S,S
699,f,f,0.15176749,F,P,C,C
700,g,a,0.19421507,G,G,C,S
701,a,o,0.18754127,K,G,C,T
701,i,e,0.61885366,N,C,S,C
701,j,c,0.1517408,G,V,E,E
701,e,i,0.17939404,I,G,S,S
701,a,i,0.57362598,K,G,B,C
704,h,g,0.30572593,R,A,S,S
706,b,i,0.29800818,E,G,C,C
710,h,c,0.04964654,A,N,S,S
715,k,k,0.08897823,P,F,C,H
715,d,i,0.02175766,H,G,S,S
716,l,f,0.15811605,D,V,T,C
721,j,j,0.88005537,G,D,S,G
721,j,i,0.84714395,G,G,C,C
721,d,n,0.03414985,H,G,S,C
721,n,h,0.30353502,G,T,C,C
721,p,k,0.26528063,G,L,C,G
723,a,n,0.41255393,S,L,C,S
726,e,a,0.05917278,G,M,C,S
727,j,c,0.1517408,G,P,C,C
728,o,f,0.02825469,G,I,T,C
731,j,i,0.84714395,A,G,E,E
732,h,n,0.3830771,A,G,T,T
732,n,a,0.12308375,G,C,T,S
732,g,a,0.19421507,G,Q,C,S
732,c,n,0.24805078,F,L,S,C
732,n,h,0.30353502,L,T,C,C
732,f,f,0.15176749,I,N,E,C
732,i,i,0.47029569,G,G,T,T
733,k,i,0.82703776,L,G,C,C
733,p,n,0.72686636,G,R,T,C
733,i,i,0.47029569,G,G,T,S
733,h,g,0.30572593,A,A,T,T
736,g,e,0.54480095,N,V,E,E
738,n,p,0.20230846,L,N,T,T
738,a,a,0.0,G,C,C,C
740,l,j,0.64376691,N,G,S,H
744,p,o,0.2133923,N,Y,T,B
747,f,m,0.0207453,N,P,S,H
747,p,k,0.26528063,S,A,C,H
747,i,h,0.50737924,N,V,S,G
747,k,k,0.08897823,M,N,C,H
747,k,m,0.02682402,N,E,H,H
750,f,g,0.89597752,E,L,C,C
750,c,a,0.14757046,G,E,S,C
750,a,a,0.0,S,Y,S,B
752,l,f,0.15811605,S,D,C,T
756,i,h,0.50737924,G,M,T,T
758,f,g,0.89597752,D,L,S,S
759,p,n,0.72686636,G,E,C,S
759,n,h,0.30353502,E,D,S,C
760,f,a,0.0,K,K,G,G
762,c,i,0.29283657,E,G,E,S
762,i,e,0.61885366,G,G,S,C
762,c,h,0.40566421,A,D,E,E
763,j,i,0.84714395,G,F,C,C
764,c,l,0.10898551,K,R,S,C
767,c,n,0.24805078,S,N,S,S
770,g,e,0.54480095,R,L,E,E
771,f,g,0.89597752,N,E,C,S
771,c,n,0.24805078,T,K,C,S
771,k,p,0.31450599,T,N,C,C
771,n,p,0.20230846,C,G,H,T
771,a,a,0.0,G,L,S,S
771,a,a,0.0,K,P,C,C
772,c,n,0.24805078,S,D,C,S
772,d,a,0.02504951,G,Y,E,E
772,a,a,0.0,A,K,T,E
772,n,a,0.12308375,G,K,S,S
772,l,j,0.64376691,S,G,S,S
772,a,n,0.41255393,S,P,C,T
772,h,e,0.52837303,Y,G,C,C
772,e,g,0.6839685,G,G,C,C
773,f,d,0.04766503,V,G,E,S
773,p,n,0.72686636,V,G,E,E
774,i,e,0.61885366,F,V,G,S
777,k,i,0.82703776,C,G,C,C
779,f,d,0.04766503,S,H,E,E
780,k,m,0.02682402,V,Q,T,T
780,l,f,0.15811605,D,T,T,E
780,i,e,0.61885366,G,S,S,C
784,h,c,0.04964654,N,K,S,S
785,i,h,0.50737924,F,K,S,T
785,k,i,0.82703776,P,F,C,C
786,j,n,0.90013854,T,F,T,T
786,a,i,0.57362598,V,G,T,T
786,p,b,0.03312099,N,I,C,C
791,l,f,0.15811605,L,D,T,C
792,h,e,0.52837303,G,G,C,T
792,p,n,0.72686636,G,L,T,C
792,a,a,0.0,G,V,C,S
792,j,n,0.90013854,G,D,G,G
795,c,i,0.29283657,P,G,S,S
795,i,d,0.0405706,G,S,S,C
797,k,k,0.08897823,T,A,C,T
797,k,p,0.31450599,A,F,T,T
797,l,j,0.64376691,C,G,C,T
797,c,n,0.24805078,R,T,G,S
801,k,p,0.31450599,A,G,C,C
809,p,k,0.26528063,G,S,C,H
810,i,o,0.12017903,R,S,S,S
811,e,c,0.19759463,A,I,E,E
811,i,h,0.50737924,N,K,T,C
811,i,p,0.08721953,V,L,E,E
812,j,i,0.84714395,G,G,S,C
815,k,k,0.08897823,L,S,C,H
815,k,m,0.02682402,S,F,H,H
819,e,c,0.19759463,F,S,C,C
819,n,h,0.30353502,T,S,C,S
819,h,m,0.01574766,S,N,S,C
822,i,o,0.12017903,G,K,S,S
824,g,e,0.54480095,c,T,C,C
827,h,c,0.04964654,S,G,C,S
827,j,h,0.66638455,G,G,E,T
827,j,n,0.90013854,G,R,T,T
827,j,c,0.1517408,G,K,S,S
829,m,e,0.01134221,S,T,C,S
829,a,i,0.57362598,N,Y,C,S
829,h,g,0.30572593,H,W,S,S
831,j,o,0.289314,G,D,T,T
831,j,c,0.1517408,G,S,E,S
836,f,g,0.89597752,S,L,C,S
836,j,i,0.84714395,S,S,S,S
836,i,d,0.0405706,S,L,S,S
837,p,n,0.72686636,G,S,T,C
837,n,k,0.02987315,S,V,C,C
839,n,p,0.20230846,G,D,T,T
840,j,n,0.90013854,F,G,H,T
840,i,e,0.61885366,F,G,E,S
843,p,k,0.26528063,G,Q,C,T
845,f,f,0.15176749,E,P,C,C
846,e,o,0.79978747,T,E,T,T
846,h,g,0.30572593,T,F,S,S
846,h,o,0.19443792,S,D,G,G
847,f,f,0.15176749,P,E,C,S
848,e,c,0.19759463,W,Y,E,E
851,m,j,0.42679142,K,G,S,S
851,p,k,0.26528063,G,A,C,H
855,e,o,0.79978747,G,T,T,T
855,k,i,0.82703776,R,L,C,C
855,i,p,0.08721953,L,S,C,C
857,a,p,0.322798,Q,G,S,C
857,g,p,0.3042022,Y,G,H,C
862,f,g,0.89597752,V,C,E,E
864,c,h,0.40566421,Q,L,E,E
864,n,p,0.20230846,Q,G,S,C
865,n,p,0.20230846,E,I,H,H
865,n,a,0.12308375,L,N,T,T
865,j,c,0.1517408,V,G,S,C
870,g,n,0.20558792,Q,G,H,C
870,p,p,0.03191235,N,N,T,S
870,j,n,0.90013854,W,N,G,G
873,i,h,0.50737924,N,E,S,T
875,e,c,0.19759463,A,Y,E,E
876,c,n,0.24805078,N,F,B,C
876,e,o,0.79978747,E,T,T,T
876,g,p,0.3042022,A,E,T,T
878,g,d,0.06591404,A,H,C,S
878,c,h,0.40566421,I,E,C,C
878,k,p,0.31450599,G,Y,C,C
878,p,o,0.2133923,Y,E,C,T
879,a,a,0.0,G,K,S,B
887,e,f,0.01482613,P,R,S,C
887,k,m,0.02682402,K,D,S,H
888,g,d,0.06591404,S,V,E,E
888,b,n,0.23812249,R,G,T,T
891,e,c,0.19759463,F,I,C,S
891,c,l,0.10898551,P,D,C,C
892,i,e,0.61885366,S,K,C,C
892,e,c,0.19759463,K,V,C,S
894,c,h,0.40566421,P,V,S,C
897,k,m,0.02682402,E,Y,G,G
898,g,k,0.07320121,L,P,C,C
898,k,i,0.82703776,P,D,C,C
898,i,n,0.05333143,D,T,C,C
899,h,o,0.19443792,G,Y,G,G
902,a,o,0.18754127,V,V,C,T
904,g,e,0.54480095,P,S,C,S
904,j,i,0.84714395,G,I,S,C
905,f,f,0.15176749,T,N,E,C
905,f,d,0.04766503,K,T,C,C
906,b,i,0.29800818,Q,G,C,C
908,a,n,0.41255393,E,V,C,C
912,c,a,0.14757046,G,H,C,E
912,k,k,0.08897823,L,H,C,H
912,k,m,0.02682402,H,V,H,H
912,j,p,0.06859287,G,N,C,C
913,k,h,0.09155339,A,G,T,T
914,k,i,0.82703776,A,M,C,C
918,f,m,0.0207453,S,F,C,H
918,i,n,0.05333143,G,Q,G,G
918,c,h,0.40566421,G,Q,E,E
918,c,l,0.10898551,T,N,S,C
918,i,i,0.47029569,G,N,T,T
918,g,d,0.06591404,N,S,C,C
919,k,d,0.0097925,T,W,S,S
919,j,c,0.1517408,G,V,C,E
920,p,b,0.03312099,G,S,C,S
920,c,m,0.01023768,S,T,S,C
920,f,f,0.15176749,N,M,C,C
920,g,a,0.19421507,G,A,E,E
921,e,l,0.01734166,H,L,S,S
921,l,j,0.64376691,L,G,S,T
921,g,d,0.06591404,a,E,C,C
922,j,c,0.1517408,G,G,E,C
924,e,o,0.79978747,S,S,S,C
924,k,p,0.31450599,R,K,C,C
925,p,n,0.72686636,G,G,C,S
926,i,e,0.61885366,S,D,T,C
926,h,n,0.3830771,S,G,T,T
926,n,a,0.12308375,G,L,T,S
927,e,o,0.79978747,P,F,T,C
928,g,e,0.54480095,Q,V,E,E
930,i,e,0.61885366,E,W,S,C
930,j,n,0.90013854,G,S,C,T
934,g,p,0.3042022,V,G,G,G
939,p,n,0.72686636,G,H,C,B
939,n,h,0.30353502,H,L,B,C
939,h,g,0.30572593,Y,V,C,C
940,n,c,0.08749015,V,F,H,S
940,j,h,0.66638455,S,N,T,T
940,j,o,0.289314,G,N,E,T
944,a,p,0.322798,K,G,T,E
944,a,a,0.0,R,V,S,S
944,n,h,0.30353502,P,H,S,S
945,d,k,0.01492279,A,L,C,C
945,h,n,0.3830771,K,S,C,S
947,p,k,0.26528063,G,K,C,T
947,a,n,0.41255393,N,S,C,S
947,n,h,0.30353502,S,Y,S,S
948,h,g,0.30572593,I,G,E,C
948,a,a,0.0,T,K,S,S
948,j,n,0.90013854,G,W,C,S
948,n,a,0.12308375,W,G,S,S
950,e,g,0.6839685,L,D,C,C
950,e,o,0.79978747,H,D,C,C
950,o,h,0.00765931,D,G,C,T
952,a,a,0.0,G,V,C,C
956,a,i,0.57362598,V,G,T,T
956,g,a,0.19421507,S,I,C,C
959,c,h,0.40566421,L,P,C,S
960,i,h,0.50737924,G,I,T,T
960,j,n,0.90013854,S,I,T,T
960,p,k,0.26528063,S,S,T,G
962,e,o,0.79978747,T,L,C,C
964,p,n,0.72686636,H,C,T,C
964,n,h,0.30353502,C,D,C,C
964,f,d,0.04766503,P,E,C,C
966,e,o,0.79978747,W,A,T,T
966,i,e,0.61885366,H,R,S,E
968,a,l,0.08458936,T,D,S,S
972,h,m,0.01574766,G,G,S,C
973,p,b,0.03312099,G,A,C,S
975,j,i,0.84714395,G,E,S,S
981,c,i,0.29283657,A,N,S,S
983,h,c,0.04964654,F,G,S,C
984,p,n,0.72686636,V,A,H,C
984,i,d,0.0405706,G,I,C,C
984,l,j,0.64376691,H,G,C,G
986,n,p,0.20230846,M,G,T,T
987,l,j,0.64376691,H,G,T,G
989,p,k,0.26528063,G,Q,C,G
990,n,p,0.20230846,C,V,H,H
990,n,p,0.20230846,Q,T,H,C
995,f,f,0.15176749,I,R,E,E
998,j,j,0.88005537,G,E,E,T
1001,o,a,0.01135938,G,I,T,T
1001,a,a,0.0,I,K,T,T
1002,j,h,0.66638455,G,N,E,T
1004,l,f,0.15811605,N,S,T,C
1004,j,c,0.1517408,G,T,C,S
1010,p,b,0.03312099,G,T,C,S
1011,g,d,0.06591404,Y,H,C,C
1013,p,o,0.2133923,Q,V,T,T
1014,j,c,0.1517408,G,S,C,S
1014,j,h,0.66638455,E,P,S,S
1017,j,n,0.90013854,G,A,T,T
1018,i,h,0.50737924,G,L,C,T
1018,g,e,0.54480095,T,V,S,S
1019,l,f,0.15811605,K,R,S,S
1020,c,n,0.24805078,S,L,S,C
1021,i,h,0.50737924,N,R,S,T
1024,j,c,0.1517408,D,G,E,E
1026,a,n,0.41255393,N,E,C,T
1028,g,d,0.06591404,I,E,C,B
1028,p,e,0.18984179,G,N,C,C
1031,c,h,0.40566421,F,A,E,C
1031,b,n,0.23812249,G,R,C,S
1032,l,j,0.64376691,S,G,C,T
1034,f,f,0.15176749,V,D,E,S
1035,f,d,0.04766503,V,P,C,C
1035,c,i,0.29283657,G,G,C,S
1035,i,d,0.0405706,G,E,S,C
1036,e,g,0.6839685,L,Q,C,B
1036,f,h,0.05352005,L,H,C,C
1036,i,h,0.50737924,F,Q,T,T
1037,f,m,0.0207453,E,E,S,G
1039,i,e,0.61885366,K,S,S,C
1039,f,d,0.04766503,L,Y,E,C
1040,c,n,0.24805078,T,P,C,T
1040,g,a,0.19421507,G,S,C,C
1041,a,n,0.41255393,S,F,S,S
1042,f,m,0.0207453,E,E,E,T
1042,e,p,0.00265792,L,R,C,C
1043,e,o,0.79978747,D,T,C,C
1043,j,p,0.06859287,R,G,S,C
1043,j,n,0.90013854,G,A,G,G
1045,c,h,0.40566421,F,D,C,B
1047,m,j,0.42679142,I,G,G,G
1047,g,i,0.07095006,G,G,C,C
1047,i,e,0.61885366,G,G,C,S
1048,g,p,0.3042022,L,G,H,C
1048,g,p,0.3042022,A,G,H,C
1050,h,g,0.30572593,R,H,T,T
1050,g,a,0.19421507,H,R,T,B
1052,p,k,0.26528063,G,G,C,G
1057,g,p,0.3042022,R,G,T,S
1057,p,n,0.72686636,G,I,C,S
1058,a,p,0.322798,G,G,E,E
1059,d,i,0.02175766,Q,G,E,S
1059,i,d,0.0405706,G,R,S,C
1060,n,h,0.30353502,L,W,S,S
1065,p,o,0.2133923,G,L,T,T
1068,p,k,0.26528063,G,D,C,T
1068,g,p,0.3042022,Y,N,S,S
1069,g,a,0.19421507,G,G,T,C
1069,a,i,0.57362598,G,G,C,C
1069,i,d,0.0405706,G,S,C,E
1072,f,f,0.15176749,T,G,C,C
1072,i,h,0.50737924,G,Q,T,T
1073,j,i,0.84714395,I,G,E,S
1073,i,d,0.0405706,G,G,S,S
1076,g,d,0.06591404,S,T,C,S
1077,j,n,0.90013854,G,P,C,T
1077,a,n,0.41255393,L,P,C,T
1078,f,f,0.15176749,E,F,C,C
1078,i,i,0.47029569,G,G,T,T
1078,a,a,0.0,G,F,S,C
1078,h,n,0.3830771,W,G,S,S
1081,a,i,0.57362598,K,D,S,S
1082,f,f,0.15176749,N,D,C,C
1083,g,e,0.54480095,I,C,C,B
1083,j,i,0.84714395,G,K,S,S
1083,e,o,0.79978747,R,H,S,S
1087,i,o,0.12017903,K,S,T,S
1088,i,e,0.61885366,F,G,C,C
1089,j,g,0.43479491,G,T,C,S
1089,j,o,0.289314,G,F,E,E
1089,k,i,0.82703776,W,H,C,C
1089,j,n,0.90013854,G,P,T,T
1091,f,g,0.89597752,F,I,S,S
1092,k,k,0.08897823,S,S,C,G
1092,k,m,0.02682402,S,A,G,G
1093,k,i,0.82703776,K,G,C,C
1096,p,n,0.72686636,G,A,C,C
1100,j,i,0.84714395,G,G,S,S
1100,a,a,0.0,G,K,C,C
1102,c,a,0.14757046,G,G,S,C
1102,f,d,0.04766503,F,N,C,C
1102,k,e,0.06792017,P,G,S,C
1102,g,i,0.07095006,V,L,S,S
1105,i,b,0.09100695,G,Q,T,T
1106,h,n,0.3830771,D,Y,G,G
1110,a,a,0.0,G,A,C,B
1110,a,n,0.41255393,D,A,T,B
1110,g,a,0.19421507,G,R,C,C
1111,k,i,0.82703776,T,D,C,C
1115,e,i,0.17939404,V,N,E,S
1115,e,c,0.19759463,G,V,C,C
1116,j,o,0.289314,G,R,T,T
1116,k,p,0.31450599,G,G,T,C
1116,h,o,0.19443792,A,S,S,T
1116,a,a,0.0,S,A,C,S
1119,f,d,0.04766503,I,G,E,E
1119,d,a,0.02504951,G,S,E,E
1122,g,p,0.3042022,D,A,C,S
1124,i,e,0.61885366,K,L,E,E
1124,h,n,0.3830771,D,G,C,C
1126,j,o,0.289314,T,E,S,S
1127,p,n,0.72686636,Q,T,S,C
1128,l,f,0.15811605,N,S,T,C
1129,k,i,0.82703776,L,D,E,T
1129,l,f,0.15811605,P,V,C,S
1129,g,e,0.54480095,G,V,C,C
1129,g,d,0.06591404,F,H,E,E
1131,b,i,0.29800818,D,E,S,C
1131,i,c,0.0051707,E,S,C,C
1135,p,k,0.26528063,G,V,C,H
1135,c,n,0.24805078,L,Y,T,T
1135,l,j,0.64376691,F,G,T,T
1136,i,h,0.50737924,G,I,T,T
1140,c,i,0.29283657,G,G,C,S
1140,i,d,0.0405706,G,L,S,C
1148,p,n,0.72686636,G,L,T,C
1148,n,a,0.12308375,N,S,C,C
1152,i,h,0.50737924,G,F,T,T
1153,e,c,0.19759463,V,R,C,C
1153,k,k,0.08897823,P,T,C,G
1153,a,i,0.57362598,H,G,C,C
1153,h,e,0.52837303,L,G,C,S
1153,h,m,0.01574766,N,Q,T,T
1153,c,h,0.40566421,I,E,E,E
1153,j,h,0.66638455,G,Y,B,C
1156,c,h,0.40566421,R,V,E,E
1162,f,d,0.04766503,G,R,C,C
1162,e,c,0.19759463,K,D,C,C
1162,j,h,0.66638455,G,I,C,C
1162,p,e,0.18984179,G,A,E,E
1162,j,h,0.66638455,G,S,C,C
1162,c,l,0.10898551,L,F,C,C
1162,j,h,0.66638455,G,T,C,C
1163,a,p,0.322798,H,R,S,S
1167,n,c,0.08749015,Q,V,T,S
1168,i,i,0.47029569,G,G,T,T
1171,e,i,0.17939404,Q,N,S,S
1171,a,a,0.0,G,M,S,C
1173,j,n,0.90013854,G,T,T,T
1173,i,b,0.09100695,R,N,C,C
1173,c,a,0.14757046,A,G,T,B
1178,n,h,0.30353502,K,K,S,S
1178,k,p,0.31450599,Y,N,E,E
1179,f,m,0.0207453,N,Y,C,T
1183,f,h,0.05352005,R,R,E,E
1185,p,n,0.72686636,S,L,T,C
1188,f,f,0.15176749,D,L,E,E
1189,p,k,0.26528063,N,P,C,T
1190,j,h,0.66638455,G,G,S,C
1194,j,h,0.66638455,G,K,E,T
1195,l,d,0.00093245,F,N,T,C
1196,l,f,0.15811605,N,Y,C,C
1196,j,g,0.43479491,G,K,C,S
1197,g,k,0.07320121,Q,T,E,C
1203,p,k,0.26528063,G,R,B,T
1203,p,e,0.18984179,T,L,C,C
1203,e,f,0.01482613,L,G,C,S
1203,f,j,0.01985416,G,T,S,S
1204,p,e,0.18984179,G,S,C,C
1204,h,m,0.01574766,G,G,T,T
1205,i,e,0.61885366,N,M,E,E
1205,a,p,0.322798,T,G,S,C
1208,k,p,0.31450599,F,A,E,E
1210,f,m,0.0207453,L,V,S,B
1211,k,i,0.82703776,S,Q,C,S
1211,k,i,0.82703776,S,Q,C,S
1211,k,i,0.82703776,S,Q,C,S
1211,i,b,0.09100695,A,Q,S,C
1211,k,i,0.82703776,S,Q,C,S
1211,j,n,0.90013854,G,R,G,G
1211,k,i,0.82703776,S,Q,C,S
1211,k,i,0.82703776,S,Q,C,S
1213,a,a,0.0,T,Y,C,S
1213,f,m,0.0207453,W,R,S,S
1213,k,i,0.82703776,Y,A,C,C
1213,i,o,0.12017903,Y,Q,S,S
1214,l,f,0.15811605,Y,A,T,C
1215,i,o,0.12017903,K,S,T,S
1215,p,k,0.26528063,G,A,C,T
1216,f,g,0.89597752,V,T,C,S
1219,b,o,0.07085875,T,E,S,S
1221,f,d,0.04766503,M,K,C,C
1221,f,h,0.05352005,T,H,E,C
1223,e,i,0.17939404,V,E,E,E
1224,p,o,0.2133923,F,F,T,T
1224,d,a,0.02504951,G,E,S,C
1224,h,n,0.3830771,S,L,T,T
1224,m,d,0.00280334,E,K,S,S
1224,e,c,0.19759463,F,S,S,C
1224,h,n,0.3830771,F,W,H,H
1224,e,o,0.79978747,F,S,C,S
1224,h,n,0.3830771,L,T,T,T
1227,f,m,0.0207453,P,K,S,G
1233,g,e,0.54480095,E,D,S,S
1234,a,n,0.41255393,P,Y,S,C
1234,j,o,0.289314,C,A,C,T
1234,j,h,0.66638455,E,N,S,S
1234,g,a,0.19421507,P,K,S,S
1234,j,c,0.1517408,G,V,E,E
1234,b,i,0.29800818,M,G,C,C
1234,c,n,0.24805078,N,D,C,C
1234,j,c,0.1517408,G,R,E,E
1234,f,l,0.01728048,P,b,S,C
1234,c,l,0.10898551,D,D,S,C
1234,n,c,0.08749015,L,b,G,S
1235,l,f,0.15811605,K,S,S,C
1235,n,p,0.20230846,M,G,H,S
1235,f,m,0.0207453,S,W,S,H
1235,g,a,0.19421507,Q,F,C,C
1235,a,i,0.57362598,F,N,C,S
1235,a,p,0.322798,L,Y,T,T
1235,c,l,0.10898551,G,R,C,C
1236,f,d,0.04766503,V,G,E,C
1236,g,n,0.20558792,K,K,T,G
1236,n,h,0.30353502,K,N,G,G
1236,p,n,0.72686636,G,T,T,C
1237,k,d,0.0097925,S,K,S,S
1240,i,e,0.61885366,C,P,S,C
1242,a,a,0.0,G,V,C,E
1244,b,o,0.07085875,S,V,S,C
1246,h,n,0.3830771,N,F,C,S
1246,n,c,0.08749015,L,R,G,G
1246,k,p,0.31450599,Y,N,C,C
1247,n,k,0.02987315,A,L,C,S
1247,i,e,0.61885366,C,A,C,C
1248,p,n,0.72686636,G,G,T,C
1248,f,f,0.15176749,S,D,E,C
1250,g,p,0.3042022,a,H,S,T
1250,a,l,0.08458936,F,L,S,S
1251,n,a,0.12308375,K,R,H,H
1251,j,c,0.1517408,Q,A,H,T
1252,p,o,0.2133923,G,L,C,T
1255,p,h,0.06909256,H,L,T,T
1255,j,n,0.90013854,G,V,C,S
1255,j,n,0.90013854,G,T,C,T
1256,p,n,0.72686636,G,G,C,C
1256,p,n,0.72686636,G,A,C,C
1263,b,n,0.23812249,V,E,C,S
1265,j,i,0.84714395,T,N,C,C
1265,i,o,0.12017903,N,E,C,C
1265,i,b,0.09100695,R,G,T,T
1268,a,a,0.0,G,I,C,E
1270,j,h,0.66638455,G,D,T,T
1270,e,o,0.79978747,D,L,T,E
1271,i,h,0.50737924,D,P,S,T
1272,g,e,0.54480095,S,K,E,E
1278,a,i,0.57362598,E,D,C,S
1280,e,c,0.19759463,L,A,S,S
1281,f,f,0.15176749,D,A,C,E
1281,f,f,0.15176749,A,D,C,C
1281,i,d,0.0405706,Y,G,S,C
1281,p,k,0.26528063,A,G,H,C
1281,c,m,0.01023768,Y,H,H,C
1284,c,h,0.40566421,S,N,E,E
1286,e,o,0.79978747,E,Y,S,S
1286,e,g,0.6839685,L,D,S,S
1286,p,h,0.06909256,W,A,T,T
1286,j,n,0.90013854,G,P,T,T
1286,p,n,0.72686636,G,S,C,B
1286,n,k,0.02987315,S,P,B,C
1286,k,i,0.82703776,P,N,C,C
1288,h,o,0.19443792,Y,N,S,T
1291,f,m,0.0207453,E,P,S,G
1293,j,n,0.90013854,S,D,T,T
1293,i,e,0.61885366,N,I,C,C
1293,a,p,0.322798,A,H,C,S
1294,a,p,0.322798,S,G,S,C
1295,f,o,0.02479451,S,L,C,C
1296,c,l,0.10898551,R,N,C,C
1296,k,k,0.08897823,L,T,C,C
1297,p,n,0.72686636,K,R,T,C
1297,j,g,0.43479491,G,N,T,C
1298,b,i,0.29800818,A,H,C,C
1298,f,m,0.0207453,D,N,E,T
1299,f,m,0.0207453,S,P,E,T
1300,f,d,0.04766503,L,W,C,C
1301,p,o,0.2133923,F,K,C,T
1302,g,p,0.3042022,N,G,S,C
1302,j,i,0.84714395,G,M,C,S
1304,a,n,0.41255393,H,G,S,S
1304,n,h,0.30353502,D,S,S,S
1304,h,o,0.19443792,S,G,S,C
1308,j,i,0.84714395,G,N,C,S
1308,i,i,0.47029569,N,N,S,S
1308,k,m,0.02682402,S,S,G,G
1309,e,i,0.17939404,I,N,C,S
1309,i,d,0.0405706,G,V,C,E
1310,k,m,0.02682402,K,A,G,G
1314,i,i,0.47029569,S,C,H,H
1324,j,h,0.66638455,G,N,E,T
1325,l,j,0.64376691,A,G,S,S
1326,a,l,0.08458936,P,D,S,C
1328,p,k,0.26528063,S,K,C,H
1329,c,h,0.40566421,P,E,C,T
1330,c,h,0.40566421,A,S,C,C
1333,p,e,0.18984179,G,S,C,S
1333,f,g,0.89597752,N,F,C,C
1333,b,n,0.23812249,N,L,T,S
1334,j,i,0.84714395,G,G,S,T
1334,i,i,0.47029569,G,Y,T,T
1334,i,i,0.47029569,G,G,G,G
1335,f,f,0.15176749,R,P,C,C
1338,c,h,0.40566421,T,F,E,E
1338,a,p,0.322798,A,G,S,C
1338,i,d,0.0405706,G,c,C,C
1338,e,o,0.79978747,A,D,C,S
1342,l,f,0.15811605,D,S,T,C
1343,p,n,0.72686636,A,G,T,T
1343,j,c,0.1517408,F,H,E,E
1343,f,m,0.0207453,D,F,C,C
1347,p,k,0.26528063,G,L,C,H
1348,e,c,0.19759463,S,N,C,C
1351,i,d,0.0405706,F,A,E,E
1356,f,g,0.89597752,S,I,C,C
1357,n,p,0.20230846,T,G,T,T
1363,a,i,0.57362598,S,G,C,C
1363,g,n,0.20558792,L,A,S,G
1365,p,o,0.2133923,G,I,T,S
1371,h,n,0.3830771,S,R,T,T
1371,j,c,0.1517408,G,H,C,S
1371,h,o,0.19443792,R,G,T,T
1373,e,o,0.79978747,T,D,T,T
1376,a,l,0.08458936,L,D,S,C
1376,c,i,0.29283657,G,G,C,C
1376,i,d,0.0405706,G,V,C,E
1379,e,o,0.79978747,G,A,T,T
1379,g,k,0.07320121,D,A,C,C
1379,p,b,0.03312099,N,V,S,C
1379,p,o,0.2133923,R,A,T,T
1381,k,m,0.02682402,I,I,T,H
1383,f,g,0.89597752,S,W,C,C
1389,i,e,0.61885366,G,I,E,E
1390,k,m,0.02682402,E,Y,S,S
1390,h,n,0.3830771,K,G,C,S
1391,k,p,0.31450599,C,R,C,C
1395,p,k,0.26528063,G,S,C,G
1396,a,a,0.0,E,P,S,C
1397,i,h,0.50737924,F,V,S,C
1397,h,o,0.19443792,A,N,H,H
1397,p,b,0.03312099,G,F,C,S
1398,a,i,0.57362598,H,G,T,T
1401,k,p,0.31450599,E,I,C,E
1403,f,g,0.89597752,K,I,C,C
1403,p,k,0.26528063,S,A,C,H
1404,j,c,0.1517408,G,L,C,E
1404,m,j,0.42679142,R,G,C,T
1404,h,e,0.52837303,T,H,S,S
1404,a,p,0.322798,N,A,T,T
1404,k,i,0.82703776,T,D,C,C
1405,h,o,0.19443792,F,G,T,T
1405,n,c,0.08749015,K,L,G,C
1405,i,h,0.50737924,G,D,E,E
1405,g,d,0.06591404,F,A,E,E
1405,g,n,0.20558792,A,G,T,C
1406,i,h,0.50737924,G,F,C,T
1407,p,n,0.72686636,A,N,H,S
1407,f,m,0.0207453,K,P,S,H
1409,h,m,0.01574766,G,G,T,T
1411,e,o,0.79978747,T,N,S,S
1413,d,m,0.0,G,G,E,C
1414,j,i,0.84714395,T,E,C,S
1414,i,i,0.47029569,E,G,S,C
1414,i,h,0.50737924,G,E,C,C
1418,e,o,0.79978747,N,S,C,C
1427,n,h,0.30353502,g,D,T,S
1427,n,h,0.30353502,j,D,T,S
1428,f,f,0.15176749,L,P,C,C
1428,b,i,0.29800818,G,L,S,C
1429,j,i,0.84714395,G,F,S,C
1431,a,a,0.0,G,G,C,E
1433,g,p,0.3042022,V,G,S,C
1434,h,n,0.3830771,S,L,S,G
1434,p,e,0.18984179,F,S,S,C
1434,n,a,0.12308375,A,S,S,S
1434,p,n,0.72686636,G,L,T,T
1437,l,f,0.15811605,K,P,S,C
1441,g,e,0.54480095,V,V,E,E
1444,o,b,0.00194381,I,N,S,S
1445,h,c,0.04964654,G,G,S,S
1450,c,l,0.10898551,K,T,T,T
1452,n,c,0.08749015,K,I,G,S
1452,i,b,0.09100695,G,S,T,S
1452,p,n,0.72686636,L,A,I,C
1452,p,n,0.72686636,G,N,T,C
1452,i,h,0.50737924,E,Y,S,B
1452,p,n,0.72686636,G,L,T,C
1452,n,h,0.30353502,L,T,C,C
1453,j,n,0.90013854,C,A,E,E
1453,f,g,0.89597752,R,V,S,C
1456,f,h,0.05352005,P,M,C,C
1457,f,m,0.0207453,S,R,S,H
1459,g,d,0.06591404,V,Q,E,E
1459,i,o,0.12017903,A,C,T,S
1459,c,n,0.24805078,S,P,C,T
1459,g,l,0.00696412,P,G,C,C
1462,k,i,0.82703776,L,D,C,C
1462,a,p,0.322798,H,G,S,C
1468,j,j,0.88005537,G,S,E,S
1468,i,e,0.61885366,D,Y,S,C
1469,d,n,0.03414985,G,K,S,C
1469,n,k,0.02987315,K,A,C,C
1469,k,i,0.82703776,H,G,C,C
1469,a,l,0.08458936,Q,Y,T,T
1469,j,c,0.1517408,G,F,E,E
1472,g,p,0.3042022,K,G,T,E
1475,e,c,0.19759463,S,S,B,C
1475,k,k,0.08897823,P,F,C,T
1475,k,m,0.02682402,F,S,T,G
1475,p,k,0.26528063,S,P,C,H
1477,f,g,0.89597752,N,S,C,C
1477,l,d,0.00093245,E,G,T,C
1477,j,i,0.84714395,G,G,C,C
1477,i,d,0.0405706,G,Q,C,E
1477,i,d,0.0405706,G,W,C,E
1477,j,j,0.88005537,G,G,C,C
1477,e,i,0.17939404,C,G,E,C
1478,e,o,0.79978747,Q,R,T,T
1481,n,c,0.08749015,L,V,G,C
1482,p,b,0.03312099,G,K,C,S
1483,i,b,0.09100695,D,M,T,T
1484,i,e,0.61885366,G,T,T,S
1484,k,e,0.06792017,G,L,C,C
1484,e,o,0.79978747,L,D,C,T
1484,l,f,0.15811605,A,C,T,C
1487,l,j,0.64376691,L,G,T,C
1487,c,h,0.40566421,A,E,C,S
1488,l,f,0.15811605,D,D,T,C
1488,n,c,0.08749015,I,W,T,S
1491,a,a,0.0,F,T,T,C
1491,f,g,0.89597752,K,K,S,C
1491,h,n,0.3830771,D,G,T,T
1491,p,k,0.26528063,G,P,C,T
1491,c,m,0.01023768,D,T,T,S
1491,h,c,0.04964654,K,G,E,E
1492,a,o,0.18754127,C,Y,C,S
1495,p,n,0.72686636,C,V,G,E
1495,p,k,0.26528063,G,P,C,T
1496,e,l,0.01734166,F,A,S,S
1497,a,a,0.0,G,F,C,C
1498,e,c,0.19759463,R,G,T,T
1503,n,a,0.12308375,N,V,C,S
1504,h,o,0.19443792,S,W,S,T
1505,n,c,0.08749015,R,F,G,G
1505,h,o,0.19443792,H,G,S,T
1505,c,h,0.40566421,P,L,C,B
1506,h,m,0.01574766,A,G,G,G
1508,m,j,0.42679142,G,V,T,T
1508,a,p,0.322798,W,H,S,S
1508,g,p,0.3042022,E,G,S,S
1508,j,h,0.66638455,G,D,S,C
1508,f,d,0.04766503,A,D,E,C
1508,d,k,0.01492279,D,L,C,C
1509,a,p,0.322798,F,S,S,C
1510,i,d,0.0405706,G,G,E,C
1510,n,a,0.12308375,G,A,T,S
1510,c,a,0.14757046,G,S,C,S
1512,l,j,0.64376691,G,G,C,T
1512,j,n,0.90013854,G,M,T,T
1516,e,g,0.6839685,Q,W,S,S
1516,j,n,0.90013854,G,D,S,C
1516,e,c,0.19759463,G,I,S,S
1516,k,i,0.82703776,W,N,C,C
1517,c,n,0.24805078,T,P,C,S
1517,j,i,0.84714395,G,G,E,C
1517,i,o,0.12017903,G,W,C,C
1519,k,m,0.02682402,V,Y,H,H
1520,i,e,0.61885366,N,G,E,C
1522,f,g,0.89597752,G,L,C,C
1522,i,h,0.50737924,G,K,S,T
1522,d,a,0.02504951,K,A,S,C
1522,b,i,0.29800818,A,G,C,C
1522,j,c,0.1517408,G,F,S,S
1522,a,a,0.0,E,Y,S,S
1523,i,o,0.12017903,R,K,T,S
1523,e,c,0.19759463,T,T,C,C
1524,k,d,0.0097925,A,G,S,S
1525,i,i,0.47029569,R,G,T,T
1526,k,p,0.31450599,C,N,C,C
1527,e,c,0.19759463,N,I,C,C
1528,a,p,0.322798,R,G,C,C
1529,c,i,0.29283657,K,E,E,C
1529,g,d,0.06591404,Y,S,S,B
1533,a,n,0.41255393,C,G,C,T
1533,i,b,0.09100695,E,S,T,C
1534,k,m,0.02682402,Y,f,H,H
1538,h,n,0.3830771,R,E,C,C
1539,g,p,0.3042022,T,G,T,S
1539,a,i,0.57362598,M,G,T,T
1540,p,k,0.26528063,G,Y,C,H
1543,k,i,0.82703776,A,I,C,C
1545,j,i,0.84714395,G,G,C,C
1545,c,l,0.10898551,T,D,C,C
1546,l,j,0.64376691,A,G,C,T
1547,k,m,0.02682402,N,E,H,H
1548,h,n,0.3830771,I,N,C,C
1551,p,n,0.72686636,K,W,T,C
1551,b,i,0.29800818,K,G,S,S
1551,i,c,0.0051707,G,A,S,C
1553,f,f,0.15176749,Y,A,E,S
1553,j,j,0.88005537,G,G,C,C
1555,e,o,0.79978747,N,N,S,S
1559,g,p,0.3042022,N,G,H,C
1560,j,j,0.88005537,G,G,E,C
1563,h,e,0.52837303,S,G,E,C
1563,j,n,0.90013854,P,D,C,C
1563,a,a,0.0,V,P,E,E
1563,i,h,0.50737924,K,L,C,C
1564,k,p,0.31450599,P,N,C,C
1564,f,d,0.04766503,W,N,C,S
1564,f,d,0.04766503,P,F,E,C
1565,b,i,0.29800818,E,G,C,C
1567,e,o,0.79978747,N,Q,T,T
1569,e,o,0.79978747,C,T,C,S
1569,p,n,0.72686636,L,V,G,E
1570,a,o,0.18754127,b,Q,C,S
1571,e,o,0.79978747,a,V,S,S
1571,p,n,0.72686636,A,G,S,S
1573,k,i,0.82703776,T,M,C,C
1573,k,k,0.08897823,I,R,C,H
1573,k,m,0.02682402,R,N,H,H
1574,f,g,0.89597752,S,D,B,C
1574,p,k,0.26528063,G,R,C,T
1574,j,c,0.1517408,G,V,E,E
1576,k,p,0.31450599,S,F,C,C
1576,a,i,0.57362598,L,Y,C,S
1577,j,c,0.1517408,G,P,C,C
1580,c,m,0.01023768,G,T,C,C
1588,k,i,0.82703776,L,N,C,C
1588,j,c,0.1517408,G,P,S,C
1589,p,k,0.26528063,G,L,C,T
1590,e,c,0.19759463,H,F,S,C
1590,c,i,0.29283657,F,A,C,S
1591,k,m,0.02682402,K,D,H,H
1591,f,m,0.0207453,S,S,S,S
1591,g,k,0.07320121,S,R,C,C
1591,k,i,0.82703776,R,N,C,S
1594,j,n,0.90013854,G,I,C,S
1594,n,i,0.03811101,I,G,S,C
1597,f,g,0.89597752,F,Q,S,S
1600,p,p,0.03191235,N,F,T,C
1601,p,h,0.06909256,Y,P,C,T
1601,f,d,0.04766503,R,V,C,C
1602,h,g,0.30572593,M,b,C,S
1607,c,h,0.40566421,L,D,E,E
1607,d,a,0.02504951,E,Q,T,T
1611,k,p,0.31450599,F,K,C,C
1615,g,e,0.54480095,N,L,C,B
1616,n,c,0.08749015,N,H,T,T
1621,n,p,0.20230846,N,K,G,G
1622,p,k,0.26528063,G,E,C,H
1624,e,f,0.01482613,P,T,E,E
1624,i,e,0.61885366,E,T,S,C
1633,j,i,0.84714395,G,G,E,C
1633,a,a,0.0,W,P,C,C
1633,e,o,0.79978747,K,Y,T,T
1634,j,n,0.90013854,M,D,T,S
1634,a,a,0.0,R,N,S,C
1636,h,n,0.3830771,R,G,T,T
1636,l,j,0.64376691,S,G,C,G
1639,f,m,0.0207453,F,K,S,T
1639,e,o,0.79978747,F,N,S,S
1640,a,p,0.322798,R,A,S,S
1642,e,f,0.01482613,F,D,C,C
1643,i,h,0.50737924,G,K,T,S
1644,f,g,0.89597752,K,Y,C,S
1644,g,d,0.06591404,Y,K,S,S
1648,k,i,0.82703776,S,F,C,C
1648,g,k,0.07320121,N,Y,C,C
1649,f,m,0.0207453,T,V,S,H
1649,k,p,0.31450599,Q,N,C,C
1649,n,p,0.20230846,M,G,T,T
1650,a,a,0.0,D,Y,C,S
1656,k,h,0.09155339,D,C,S,S
1656,k,h,0.09155339,Y,C,T,S
1656,k,h,0.09155339,E,C,T,S
1657,f,m,0.0207453,T,L,B,H
1660,h,n,0.3830771,H,W,C,S
1665,k,i,0.82703776,A,F,C,C
1665,k,d,0.0097925,S,D,S,C
1665,e,o,0.79978747,A,I,C,C
1665,j,i,0.84714395,G,G,C,C
1665,k,i,0.82703776,I,F,C,C
1667,n,p,0.20230846,Y,C,I,C
1667,p,p,0.03191235,C,V,C,C
1667,p,k,0.26528063,G,V,C,T
1669,o,f,0.02825469,S,T,T,C
1670,k,i,0.82703776,P,Q,C,C
1672,c,m,0.01023768,T,D,S,C
1674,e,o,0.79978747,F,R,S,S
1674,h,e,0.52837303,V,Q,E,E
1674,p,k,0.26528063,V,F,H,H
1677,a,o,0.18754127,G,L,G,G
1677,e,a,0.05917278,G,G,C,C
1681,j,h,0.66638455,G,D,E,T
1684,g,k,0.07320121,P,L,B,C
1684,k,i,0.82703776,L,F,C,C
1684,n,a,0.12308375,Q,L,C,C
1684,l,f,0.15811605,D,A,T,C
1685,k,k,0.08897823,P,L,C,H
1688,i,p,0.08721953,N,G,G,G
1688,p,k,0.26528063,G,E,C,H
1688,p,k,0.26528063,G,R,C,T
1688,n,h,0.30353502,N,D,T,S
1695,k,d,0.0097925,R,Y,S,S
1695,h,n,0.3830771,K,D,T,T
1695,h,n,0.3830771,D,N,S,S
1695,a,i,0.57362598,A,Y,T,T
1695,p,b,0.03312099,G,K,C,C
1695,e,c,0.19759463,V,S,S,C
1697,p,k,0.26528063,G,E,C,T
1697,g,a,0.19421507,G,A,C,C
1701,g,a,0.19421507,Q,R,T,B
1705,f,d,0.04766503,F,A,E,C
1705,k,i,0.82703776,T,D,C,C
1706,j,j,0.88005537,A,I,T,E
1707,e,o,0.79978747,L,V,C,C
1707,p,k,0.26528063,G,K,C,T
1708,a,a,0.0,G,G,C,C
1708,f,m,0.0207453,T,E,S,H
1709,a,p,0.322798,Y,G,T,C
1709,d,k,0.01492279,E,G,C,C
1709,k,k,0.08897823,G,P,C,C
1709,k,p,0.31450599,P,S,C,C
1711,g,l,0.00696412,K,E,H,C
1711,g,p,0.3042022,E,T,H,H
1711,f,d,0.04766503,P,R,C,C
1712,e,o,0.79978747,D,N,C,C
1712,p,k,0.26528063,G,R,C,S
1714,n,c,0.08749015,L,N,H,S
1716,e,o,0.79978747,K,H,T,T
1716,f,g,0.89597752,S,L,S,S
1716,i,n,0.05333143,G,F,C,C
1718,i,h,0.50737924,G,K,T,T
1718,f,g,0.89597752,D,T,C,C
1719,g,n,0.20558792,W,E,T,T
1720,n,p,0.20230846,C,L,S,C
1720,h,o,0.19443792,K,K,S,S
1720,b,i,0.29800818,P,N,C,C
