AA1,AA2,S2_1,S2_2,AA1-AA2-S2_1-S2_2,AA1-AA2-S2_1-S2_2-count
R,G,S,C,RGSC,1
N,R,S,T,NRST,1
D,G,E,E,DGEE,1
N,E,C,T,NECT,1
I,E,C,B,IECB,1
S,G,C,T,SGCT,1
V,D,E,S,VDES,1
V,P,C,C,VPCC,1
L,Q,C,B,LQCB,1
L,H,C,C,LHCC,1
F,Q,T,T,FQTT,1
E,E,S,G,EESG,1
L,Y,E,C,LYEC,1
T,P,C,T,TPCT,1
S,F,S,S,SFSS,1
E,E,E,T,EEET,1
S,L,S,C,SLSC,1
F,D,C,B,FDCB,1
L,G,H,C,LGHC,1
R,H,T,T,RHTT,1
H,R,T,B,HRTB,1
R,G,T,S,RGTS,1
G,G,E,E,GGEE,1
Q,G,E,S,QGES,1
G,R,S,C,GRSC,1
L,W,S,S,LWSS,1
Y,N,S,S,YNSS,1
L,P,C,T,LPCT,1
E,F,C,C,EFCC,1
K,D,S,S,KDSS,1
I,C,C,B,ICCB,1
R,H,S,S,RHSS,1
G,A,C,S,GACS,1
A,L,C,C,ALCC,1
K,S,C,S,KSCS,1
N,S,C,S,NSCS,1
S,Y,S,S,SYSS,1
I,G,E,C,IGEC,1
T,K,S,S,TKSS,1
G,W,C,S,GWCS,1
H,D,C,C,HDCC,1
D,G,C,T,DGCT,1
L,P,C,S,LPCS,1
S,I,T,T,SITT,1
S,S,T,G,SSTG,1
H,C,T,C,HCTC,1
C,D,C,C,CDCC,1
H,R,S,E,HRSE,1
W,H,C,C,WHCC,1
G,E,S,S,GESS,1
V,A,H,C,VAHC,1
H,G,C,G,HGCG,1
H,G,T,G,HGTG,1
G,Q,C,G,GQCG,1
C,V,H,H,CVHH,1
Q,T,H,C,QTHC,1
I,R,E,E,IREE,1
G,E,E,T,GEET,1
I,K,T,T,IKTT,1
Y,H,C,C,YHCC,1
E,P,S,S,EPSS,1
T,V,S,S,TVSS,1
K,R,S,S,KRSS,1
Y,Q,S,S,YQSS,1
N,Y,C,T,NYCT,1
R,R,E,E,RREE,1
S,L,T,C,SLTC,1
N,P,C,T,NPCT,1
G,K,E,T,GKET,1
F,N,T,C,FNTC,1
Q,T,E,C,QTEC,1
G,R,B,T,GRBT,1
N,M,E,E,NMEE,1
T,G,S,C,TGSC,1
L,V,S,B,LVSB,1
A,Q,S,C,AQSC,1
T,Y,C,S,TYCS,1
W,R,S,S,WRSS,1
Y,A,C,C,YACC,1
A,G,T,B,AGTB,1
Y,A,T,C,YATC,1
G,A,C,T,GACT,1
V,T,C,S,VTCS,1
M,K,C,C,MKCC,1
T,H,E,C,THEC,1
V,E,E,E,VEEE,1
F,F,T,T,FFTT,1
S,L,T,T,SLTT,1
E,K,S,S,EKSS,1
F,W,H,H,FWHH,1
F,S,C,S,FSCS,1
L,T,T,T,LTTT,1
P,K,S,G,PKSG,1
E,D,S,S,EDSS,1
P,Y,S,C,PYSC,1
Q,T,S,C,QTSC,1
F,I,S,S,FISS,1
S,S,C,G,SSCG,1
S,A,G,G,SAGG,1
K,G,C,C,KGCC,1
F,N,C,C,FNCC,1
P,G,S,C,PGSC,1
V,L,S,S,VLSS,1
D,Y,G,G,DYGG,1
G,A,C,B,GACB,1
D,A,T,B,DATB,1
V,N,E,S,VNES,1
A,S,S,T,ASST,1
S,A,C,S,SACS,1
D,A,C,S,DACS,1
K,L,E,E,KLEE,1
P,H,S,S,PHSS,1
L,D,E,T,LDET,1
P,V,C,S,PVCS,1
D,E,S,C,DESC,1
E,S,C,C,ESCC,1
G,V,C,H,GVCH,1
G,F,T,T,GFTT,1
P,T,C,G,PTCG,1
I,E,E,E,IEEE,1
G,Y,B,C,GYBC,1
K,D,C,C,KDCC,1
H,R,S,S,HRSS,1
Q,V,T,S,QVTS,1
Q,N,S,S,QNSS,1
G,M,S,C,GMSC,1
R,S,S,S,RSSS,1
S,G,S,S,SGSS,1
V,G,E,S,VGES,1
V,G,E,E,VGEE,1
F,V,G,S,FVGS,1
C,G,C,C,CGCC,1
S,H,E,E,SHEE,1
V,Q,T,T,VQTT,1
D,T,T,E,DTTE,1
N,K,S,S,NKSS,1
P,F,C,C,PFCC,1
T,F,T,T,TFTT,1
L,D,T,C,LDTC,1
A,F,T,T,AFTT,1
R,T,G,S,RTGS,1
G,S,C,H,GSCH,1
A,K,T,E,AKTE,1
A,I,E,E,AIEE,1
N,K,T,C,NKTC,1
V,L,E,E,VLEE,1
L,S,C,H,LSCH,1
S,F,H,H,SFHH,1
F,S,C,C,FSCC,1
T,S,C,S,TSCS,1
c,T,C,C,CTCC,1
S,G,C,S,SGCS,1
G,G,E,T,GGET,1
N,Y,C,S,NYCS,1
H,W,S,S,HWSS,1
G,S,T,C,GSTC,1
S,V,C,C,SVCC,1
F,G,H,T,FGHT,1
E,L,C,C,ELCC,1
D,V,T,C,DVTC,1
G,D,S,G,GDSG,1
G,I,T,C,GITC,1
A,G,E,E,AGEE,1
G,C,T,S,GCTS,1
G,Q,C,S,GQCS,1
F,L,S,C,FLSC,1
G,R,T,C,GRTC,1
A,A,T,T,AATT,1
N,V,E,E,NVEE,1
N,G,S,H,NGSH,1
N,Y,T,B,NYTB,1
N,P,S,H,NPSH,1
N,V,S,G,NVSG,1
M,N,C,H,MNCH,1
F,G,E,S,FGES,1
S,Y,S,B,SYSB,1
S,D,C,T,SDCT,1
G,E,C,S,GECS,1
E,D,S,C,EDSC,1
K,K,G,G,KKGG,1
E,G,E,S,EGES,1
K,R,S,C,KRSC,1
R,L,E,E,RLEE,1
N,E,C,S,NECS,1
T,K,C,S,TKCS,1
C,G,H,T,CGHT,1
K,P,C,C,KPCC,1
S,D,C,S,SDCS,1
G,Y,E,E,GYEE,1
N,M,C,C,NMCC,1
V,V,C,T,VVCT,1
P,S,C,S,PSCS,1
T,N,E,C,TNEC,1
K,T,C,C,KTCC,1
E,V,C,C,EVCC,1
G,H,C,E,GHCE,1
L,H,C,H,LHCH,1
H,V,H,H,HVHH,1
A,M,C,C,AMCC,1
S,F,C,H,SFCH,1
G,Q,G,G,GQGG,1
G,Q,E,E,GQEE,1
T,N,S,C,TNSC,1
T,W,S,S,TWSS,1
S,T,S,C,STSC,1
G,Y,G,G,GYGG,1
H,L,S,S,HLSS,1
L,G,S,T,LGST,1
S,S,S,C,SSSC,1
R,K,C,C,RKCC,1
S,D,T,C,SDTC,1
G,L,T,S,GLTS,1
P,F,T,C,PFTC,1
E,W,S,C,EWSC,1
V,G,G,G,VGGG,1
G,H,C,B,GHCB,1
H,L,B,C,HLBC,1
Y,V,C,C,YVCC,1
V,F,H,S,VFHS,1
R,V,S,S,RVSS,1
N,E,S,T,NEST,1
G,Q,C,T,GQCT,1
E,P,C,C,EPCC,1
T,E,T,T,TETT,1
T,F,S,S,TFSS,1
S,D,G,G,SDGG,1
P,E,C,S,PECS,1
W,Y,E,E,WYEE,1
R,L,C,C,RLCC,1
Y,G,H,C,YGHC,1
V,C,E,E,VCEE,1
Q,L,E,E,QLEE,1
E,I,H,H,EIHH,1
Q,G,H,C,QGHC,1
N,N,T,S,NNTS,1
W,N,G,G,WNGG,1
C,A,C,T,CACT,1
N,F,B,C,NFBC,1
E,T,T,T,ETTT,1
A,E,T,T,AETT,1
G,Y,C,C,GYCC,1
Y,E,C,T,YECT,1
G,K,S,B,GKSB,1
P,R,S,C,PRSC,1
K,D,S,H,KDSH,1
S,V,E,E,SVEE,1
F,I,C,S,FICS,1
S,K,C,C,SKCC,1
K,V,C,S,KVCS,1
P,V,S,C,PVSC,1
E,Y,G,G,EYGG,1
A,G,C,T,AGCT,1
T,P,C,S,TPCS,1
V,Y,H,H,VYHH,1
G,K,S,T,GKST,1
K,A,S,C,KASC,1
G,F,S,S,GFSS,1
R,K,T,S,RKTS,1
T,T,C,C,TTCC,1
C,N,C,C,CNCC,1
R,G,C,C,RGCC,1
K,E,E,C,KEEC,1
Y,S,S,B,YSSB,1
E,S,T,C,ESTC,1
Y,f,H,H,YFHH,1
R,E,C,C,RECC,1
T,G,T,S,TGTS,1
W,N,C,C,WNCC,1
I,N,C,C,INCC,1
K,W,T,C,KWTC,1
Y,A,E,S,YAES,1
N,G,H,C,NGHC,1
S,G,E,C,SGEC,1
V,P,E,E,VPEE,1
K,L,C,C,KLCC,1
W,N,C,S,WNCS,1
P,F,E,C,PFEC,1
C,T,C,S,CTCS,1
L,V,G,E,LVGE,1
b,Q,C,S,BQCS,1
a,V,S,S,AVSS,1
T,M,C,C,TMCC,1
I,R,C,H,IRCH,1
K,G,E,E,KGEE,1
C,G,E,C,CGEC,1
Q,R,T,T,QRTT,1
L,V,G,C,LVGC,1
D,M,T,T,DMTT,1
G,T,T,S,GTTS,1
L,D,C,T,LDCT,1
A,C,T,C,ACTC,1
L,G,T,C,LGTC,1
A,E,C,S,AECS,1
D,D,T,C,DDTC,1
I,W,T,S,IWTS,1
F,T,T,C,FTTC,1
K,K,S,C,KKSC,1
D,G,T,T,DGTT,1
D,T,T,S,DTTS,1
R,N,H,H,RNHH,1
C,Y,C,S,CYCS,1
C,V,G,E,CVGE,1
F,A,S,S,FASS,1
N,V,C,S,NVCS,1
S,W,S,T,SWST,1
R,F,G,G,RFGG,1
H,G,S,T,HGST,1
P,L,C,B,PLCB,1
A,G,G,G,AGGG,1
W,H,S,S,WHSS,1
A,D,E,C,ADEC,1
G,A,T,S,GATS,1
Q,W,S,S,QWSS,1
G,I,S,S,GISS,1
G,D,E,T,GDET,1
D,Y,C,S,DYCS,1
D,C,S,S,DCSS,1
Y,C,T,S,YCTS,1
E,C,T,S,ECTS,1
T,L,B,H,TLBH,1
H,W,C,S,HWCS,1
A,F,C,C,AFCC,1
Y,C,I,C,YCIC,1
C,V,C,C,CVCC,1
S,T,T,C,STTC,1
P,Q,C,C,PQCC,1
T,D,S,C,TDSC,1
F,R,S,S,FRSS,1
V,F,H,H,VFHH,1
G,L,G,G,GLGG,1
Q,N,C,C,QNCC,1
P,L,B,C,PLBC,1
Q,L,C,C,QLCC,1
P,L,C,H,PLCH,1
N,G,G,G,NGGG,1
N,D,T,S,NDTS,1
W,K,B,S,WKBS,1
G,T,C,H,GTCH,1
Y,G,T,T,YGTT,1
S,E,S,S,SESS,1
L,P,E,E,LPEE,1
F,E,E,E,FEEE,1
D,W,T,B,DWTB,1
D,R,E,E,DREE,1
E,D,E,E,EDEE,1
F,K,C,C,FKCC,1
S,D,B,C,SDBC,1
L,Y,C,S,LYCS,1
G,P,S,C,GPSC,1
H,F,S,C,HFSC,1
F,A,C,S,FACS,1
K,D,H,H,KDHH,1
R,N,C,S,RNCS,1
I,G,S,C,IGSC,1
F,Q,S,S,FQSS,1
N,F,T,C,NFTC,1
Y,P,C,T,YPCT,1
R,V,C,C,RVCC,1
M,b,C,S,MBCS,1
L,D,E,E,LDEE,1
E,Q,T,T,EQTT,1
G,Q,C,E,GQCE,1
N,L,C,B,NLCB,1
N,H,T,T,NHTT,1
N,K,G,G,NKGG,1
P,T,E,E,PTEE,1
W,P,C,C,WPCC,1
K,Y,T,T,KYTT,1
M,D,T,S,MDTS,1
R,N,S,C,RNSC,1
S,G,C,G,SGCG,1
F,N,S,S,FNSS,1
F,D,C,C,FDCC,1
G,K,T,S,GKTS,1
Y,K,S,S,YKSS,1
T,V,S,H,TVSH,1
S,P,E,T,SPET,1
E,D,C,S,EDCS,1
L,A,S,S,LASS,1
D,A,C,E,DACE,1
Y,G,S,C,YGSC,1
Y,H,H,C,YHHC,1
S,N,E,E,SNEE,1
G,S,C,B,GSCB,1
S,P,B,C,SPBC,1
Y,N,S,T,YNST,1
E,P,S,G,EPSG,1
S,D,T,T,SDTT,1
S,L,C,C,SLCC,1
K,R,T,C,KRTC,1
A,H,C,C,AHCC,1
D,N,E,T,DNET,1
D,P,S,T,DPST,1
L,W,C,C,LWCC,1
F,K,C,T,FKCT,1
D,S,S,S,DSSS,1
G,N,C,S,GNCS,1
S,S,G,G,SSGG,1
I,N,C,S,INCS,1
K,A,G,G,KAGG,1
S,C,H,H,SCHH,1
P,D,S,C,PDSC,1
S,K,C,H,SKCH,1
P,E,C,T,PECT,1
N,F,C,C,NFCC,1
N,L,T,S,NLTS,1
G,Y,T,T,GYTT,1
T,F,E,E,TFEE,1
S,V,S,C,SVSC,1
E,N,S,S,ENSS,1
P,K,S,S,PKSS,1
M,G,C,C,MGCC,1
P,b,S,C,PBSC,1
D,D,S,C,DDSC,1
L,b,G,S,LBGS,1
M,G,H,S,MGHS,1
S,W,S,H,SWSH,1
Q,F,C,C,QFCC,1
F,N,C,S,FNCS,1
K,K,T,G,KKTG,1
K,N,G,G,KNGG,1
G,T,T,C,GTTC,1
S,K,S,S,SKSS,1
C,P,S,C,CPSC,1
A,G,S,C,AGSC,1
N,F,C,S,NFCS,1
L,R,G,G,LRGG,1
Y,N,C,C,YNCC,1
A,L,C,S,ALCS,1
C,A,C,C,CACC,1
S,D,E,C,SDEC,1
a,H,S,T,AHST,1
F,L,S,S,FLSS,1
K,R,H,H,KRHH,1
H,L,T,T,HLTT,1
V,E,C,S,VECS,1
N,E,C,C,NECC,1
G,I,C,E,GICE,1
D,L,T,E,DLTE,1
L,A,I,C,LAIC,1
A,G,T,C,AGTC,1
A,N,H,S,ANHS,1
K,P,S,H,KPSH,1
T,E,C,S,TECS,1
G,E,C,C,GECC,1
g,D,T,S,GDTS,1
j,D,T,S,JDTS,1
S,L,S,G,SLSG,1
A,S,S,S,ASSS,1
K,P,S,C,KPSC,1
V,V,E,E,VVEE,1
I,N,S,S,INSS,1
K,T,T,T,KTTT,1
K,I,G,S,KIGS,1
G,S,T,S,GSTS,1
G,D,E,E,GDEE,1
E,Y,S,B,EYSB,1
C,A,E,E,CAEE,1
R,V,S,C,RVSC,1
P,M,C,C,PMCC,1
S,R,S,H,SRSH,1
A,C,T,S,ACTS,1
P,G,C,C,PGCC,1
D,Y,S,C,DYSC,1
K,A,C,C,KACC,1
Q,Y,T,T,QYTT,1
S,S,B,C,SSBC,1
P,F,C,T,PFCT,1
F,S,T,G,FSTG,1
S,P,C,H,SPCH,1
S,W,C,C,SWCC,1
A,D,C,S,ADCS,1
D,S,T,C,DSTC,1
D,F,C,C,DFCC,1
G,L,C,H,GLCH,1
T,G,T,T,TGTT,1
L,A,S,G,LASG,1
G,I,T,S,GITS,1
S,R,T,T,SRTT,1
G,H,C,S,GHCS,1
T,D,T,T,TDTT,1
L,D,S,C,LDSC,1
D,A,C,C,DACC,1
N,V,S,C,NVSC,1
R,A,T,T,RATT,1
I,I,T,H,IITH,1
E,G,H,C,EGHC,1
G,I,E,E,GIEE,1
K,G,C,S,KGCS,1
C,R,C,C,CRCC,1
G,S,C,G,GSCG,1
E,P,S,C,EPSC,1
F,V,S,C,FVSC,1
A,N,H,H,ANHH,1
H,G,T,T,HGTT,1
E,I,C,E,EICE,1
K,I,C,C,KICC,1
R,G,C,T,RGCT,1
T,H,S,S,THSS,1
N,A,T,T,NATT,1
K,L,G,C,KLGC,1
T,H,E,E,THEE,1
A,H,C,T,AHCT,1
T,S,E,C,TSEC,1
H,S,T,C,HSTC,1
S,Y,G,G,SYGG,1
V,W,C,S,VWCS,1
D,L,E,C,DLEC,1
L,K,C,C,LKCC,1
F,L,G,C,FLGC,1
S,H,T,T,SHTT,1
G,Q,S,C,GQSC,1
N,I,T,C,NITC,1
N,D,S,C,NDSC,1
m,F,E,E,MFEE,1
G,Q,C,H,GQCH,1
G,Q,C,C,GQCC,1
c,D,T,S,CDTS,1
f,D,T,S,FDTS,1
C,E,S,S,CESS,1
a,b,C,C,ABCC,1
V,N,S,S,VNSS,1
V,Y,B,C,VYBC,1
N,Y,T,T,NYTT,1
G,A,T,C,GATC,1
S,Y,C,C,SYCC,1
Y,S,C,C,YSCC,1
G,P,B,S,GPBS,1
G,P,E,E,GPEE,1
D,R,T,T,DRTT,1
K,K,C,C,KKCC,1
P,E,S,S,PESS,1
H,M,S,G,HMSG,1
H,H,C,C,HHCC,1
F,G,T,B,FGTB,1
G,G,G,T,GGGT,1
S,M,T,E,SMTE,1
M,G,S,S,MGSS,1
Q,G,H,T,QGHT,1
M,D,S,S,MDSS,1
L,M,C,C,LMCC,1
T,H,C,C,THCC,1
A,E,S,S,AESS,1
L,L,C,T,LLCT,1
G,P,S,T,GPST,1
G,D,C,H,GDCH,1
H,H,C,S,HHCS,1
V,N,H,C,VNHC,1
P,C,C,C,PCCC,1
V,T,S,S,VTSS,1
Y,T,C,S,YTCS,1
G,R,T,G,GRTG,1
R,G,G,G,RGGG,1
A,c,T,T,ACTT,1
G,H,S,S,GHSS,1
H,R,S,C,HRSC,1
D,G,S,C,DGSC,1
b,I,S,B,BISB,1
A,W,E,E,AWEE,1
S,D,I,S,SDIS,1
T,E,S,T,TEST,1
Q,D,T,C,QDTC,1
G,A,C,G,GACG,1
M,G,G,G,MGGG,1
D,H,C,C,DHCC,1
L,A,C,C,LACC,1
E,A,S,S,EASS,1
A,D,T,T,ADTT,1
R,G,S,T,RGST,1
H,V,C,C,HVCC,1
R,P,C,S,RPCS,1
L,H,E,E,LHEE,1
Q,A,S,S,QASS,1
X,X,T,S,XXTS,1
X,X,S,C,XXSC,1
E,S,S,C,ESSC,1
V,D,C,S,VDCS,1
N,N,C,C,NNCC,1
G,D,S,T,GDST,1
K,A,T,T,KATT,1
W,F,T,T,WFTT,1
I,I,C,E,IICE,1
H,T,S,C,HTSC,1
G,I,C,H,GICH,1
G,W,T,S,GWTS,1
M,V,E,E,MVEE,1
V,G,H,C,VGHC,1
V,Y,E,E,VYEE,1
N,E,C,H,NECH,1
K,H,G,G,KHGG,1
G,N,S,C,GNSC,1
K,K,T,S,KKTS,1
L,G,H,S,LGHS,1
H,G,G,G,HGGG,1
F,G,T,C,FGTC,1
G,S,S,G,GSSG,1
R,Y,E,E,RYEE,1
K,S,S,S,KSSS,1
G,E,S,T,GEST,1
R,D,E,C,RDEC,1
K,M,C,B,KMCB,1
M,N,B,C,MNBC,1
I,T,C,C,ITCC,1
F,L,T,T,FLTT,1
A,T,C,T,ATCT,1
G,V,B,B,GVBB,1
A,Y,S,S,AYSS,1
K,H,T,T,KHTT,1
a,V,H,H,AVHH,1
G,I,C,G,GICG,1
G,T,C,B,GTCB,1
b,G,B,S,BGBS,1
L,N,C,T,LNCT,1
N,R,S,C,NRSC,1
A,T,C,C,ATCC,1
H,Q,T,C,HQTC,1
W,H,C,T,WHCT,1
P,F,C,S,PFCS,1
D,Q,S,C,DQSC,1
L,N,H,S,LNHS,1
E,F,T,T,EFTT,1
G,K,T,C,GKTC,1
T,V,B,C,TVBC,1
K,Q,T,C,KQTC,1
Q,E,C,C,QECC,1
I,L,T,T,ILTT,1
I,G,T,T,IGTT,1
P,Q,T,T,PQTT,1
a,M,C,B,AMCB,1
F,L,H,H,FLHH,1
A,Y,C,C,AYCC,1
H,L,I,I,HLII,1
K,D,T,T,KDTT,1
R,Y,S,S,RYSS,1
D,N,C,T,DNCT,1
A,L,E,C,ALEC,1
E,N,S,C,ENSC,1
N,G,C,C,NGCC,1
D,R,S,S,DRSS,1
R,N,S,S,RNSS,1
Y,K,C,S,YKCS,1
L,V,E,E,LVEE,1
G,S,S,T,GSST,1
C,L,S,C,CLSC,1
W,E,T,T,WETT,1
E,I,T,C,EITC,1
D,N,S,S,DNSS,1
A,Y,T,T,AYTT,1
V,S,S,C,VSSC,1
Q,R,T,B,QRTB,1
A,I,T,E,AITE,1
T,E,S,H,TESH,1
Y,G,T,C,YGTC,1
P,S,C,C,PSCC,1
K,E,H,C,KEHC,1
E,T,H,H,ETHH,1
P,R,C,C,PRCC,1
D,N,C,C,DNCC,1
N,Q,S,G,NQSG,1
Y,D,T,T,YDTT,1
Q,L,G,C,QLGC,1
N,F,C,T,NFCT,1
L,M,G,T,LMGT,1
D,I,T,C,DITC,1
G,D,C,E,GDCE,1
A,K,C,T,AKCT,1
S,Q,S,S,SQSS,1
G,D,C,C,GDCC,1
W,G,G,T,WGGT,1
T,Y,C,C,TYCC,1
G,N,S,E,GNSE,1
N,P,S,C,NPSC,1
Q,G,G,G,QGGG,1
T,F,S,C,TFSC,1
I,V,S,S,IVSS,1
N,P,C,H,NPCH,1
L,G,T,T,LGTT,1
G,D,S,S,GDSS,1
F,K,T,T,FKTT,1
G,F,T,S,GFTS,1
G,M,C,T,GMCT,1
K,R,C,B,KRCB,1
E,T,C,S,ETCS,1
R,F,T,T,RFTT,1
N,Y,T,G,NYTG,1
G,F,S,T,GFST,1
A,V,I,H,AVIH,1
E,W,C,C,EWCC,1
L,L,S,C,LLSC,1
Y,E,E,E,YEEE,1
G,I,E,T,GIET,1
Y,L,E,C,YLEC,1
S,S,C,S,SSCS,1
K,G,T,S,KGTS,1
S,S,E,C,SSEC,1
G,Q,C,B,GQCB,1
Y,N,S,C,YNSC,1
D,E,S,S,DESS,1
H,P,S,T,HPST,1
A,V,C,C,AVCC,1
E,D,T,T,EDTT,1
H,Y,T,E,HYTE,1
I,K,C,T,IKCT,1
L,G,E,E,LGEE,1
C,G,S,S,CGSS,1
R,R,S,C,RRSC,1
L,N,B,S,LNBS,1
L,I,S,S,LISS,1
S,A,G,S,SAGS,1
T,G,E,C,TGEC,1
R,I,S,C,RISC,1
L,S,T,C,LSTC,1
S,Q,E,C,SQEC,1
F,T,S,S,FTSS,1
K,A,E,S,KAES,1
P,W,C,C,PWCC,1
T,A,C,S,TACS,1
H,D,S,S,HDSS,1
L,S,C,T,LSCT,1
V,I,E,E,VIEE,1
R,E,S,S,RESS,1
L,G,G,C,LGGC,1
P,K,T,T,PKTT,1
K,Q,B,S,KQBS,1
N,L,S,C,NLSC,1
V,R,E,E,VREE,1
K,D,T,C,KDTC,1
A,I,C,G,AICG,1
M,K,H,S,MKHS,1
N,A,S,S,NASS,1
A,V,E,E,AVEE,1
L,T,E,E,LTEE,1
V,G,C,T,VGCT,1
D,H,E,C,DHEC,1
L,Q,E,E,LQEE,1
T,A,E,E,TAEE,1
V,N,T,T,VNTT,1
Y,M,E,E,YMEE,1
W,I,E,E,WIEE,1
T,Q,E,E,TQEE,1
F,E,S,S,FESS,1
H,D,S,C,HDSC,1
Y,K,C,C,YKCC,1
G,A,S,T,GAST,1
M,R,C,C,MRCC,1
D,P,C,C,DPCC,1
G,S,S,S,GSSS,1
K,F,C,C,KFCC,1
E,E,C,S,EECS,1
G,D,T,B,GDTB,1
E,G,E,T,EGET,1
S,G,E,S,SGES,1
G,T,S,C,GTSC,1
P,L,C,C,PLCC,1
R,E,C,G,RECG,1
E,G,G,G,EGGG,1
K,L,C,T,KLCT,1
I,A,C,C,IACC,1
K,Y,S,S,KYSS,1
V,W,S,S,VWSS,1
H,R,S,T,HRST,1
N,G,E,E,NGEE,1
S,W,E,C,SWEC,1
R,V,E,C,RVEC,1
A,L,S,S,ALSS,1
I,H,C,C,IHCC,1
G,E,T,T,GETT,1
G,b,T,C,GBTC,1
K,E,T,T,KETT,1
G,H,S,C,GHSC,1
K,A,C,T,KACT,1
N,M,C,S,NMCS,1
K,R,C,C,KRCC,1
T,P,S,C,TPSC,1
I,K,S,S,IKSS,1
S,Q,S,C,SQSC,1
P,L,C,S,PLCS,1
D,G,S,S,DGSS,1
G,A,S,S,GASS,1
F,P,C,C,FPCC,1
K,G,C,T,KGCT,1
N,C,S,C,NCSC,1
I,G,S,S,IGSS,1
K,G,B,C,KGBC,1
P,F,C,H,PFCH,1
R,E,E,T,REET,1
S,G,T,G,SGTG,1
A,F,H,H,AFHH,1
M,N,C,C,MNCC,1
P,K,C,C,PKCC,1
H,G,T,C,HGTC,1
R,C,T,C,RCTC,1
Y,Q,C,C,YQCC,1
N,H,S,S,NHSS,1
E,S,T,T,ESTT,1
D,V,G,E,DVGE,1
Q,D,S,C,QDSC,1
A,N,C,C,ANCC,1
E,E,S,S,EESS,1
Y,R,C,B,YRCB,1
G,Q,T,S,GQTS,1
R,S,C,C,RSCC,1
Q,G,S,T,QGST,1
F,G,H,C,FGHC,1
P,T,C,C,PTCC,1
F,S,E,S,FSES,1
V,K,S,S,VKSS,1
E,G,T,S,EGTS,1
A,G,T,S,AGTS,1
P,N,S,S,PNSS,1
G,K,E,S,GKES,1
E,K,S,C,EKSC,1
R,R,E,T,RRET,1
L,N,T,G,LNTG,1
G,C,T,C,GCTC,1
W,L,E,E,WLEE,1
N,P,E,E,NPEE,1
T,H,E,S,THES,1
V,G,S,S,VGSS,1
R,E,C,T,RECT,1
T,I,E,E,TIEE,1
S,R,C,S,SRCS,1
b,R,E,E,BREE,1
Y,N,H,H,YNHH,1
N,E,C,G,NECG,1
A,G,E,S,AGES,1
T,V,E,C,TVEC,1
S,S,E,E,SSEE,1
K,T,B,E,KTBE,1
Q,I,G,C,QIGC,1
E,P,C,S,EPCS,1
G,K,S,G,GKSG,1
W,G,C,C,WGCC,1
E,E,E,E,EEEE,1
S,F,E,C,SFEC,1
E,T,C,E,ETCE,1
G,F,C,S,GFCS,2
I,G,E,S,IGES,2
E,T,S,C,ETSC,2
G,L,S,C,GLSC,2
L,D,S,S,LDSS,2
L,Y,T,T,LYTT,2
A,S,C,C,ASCC,2
S,S,S,S,SSSS,2
G,S,E,S,GSES,2
G,R,E,E,GREE,2
S,L,C,S,SLCS,2
S,T,C,S,STCS,2
V,G,C,C,VGCC,2
A,G,C,S,AGCS,2
F,H,E,E,FHEE,2
R,A,S,S,RASS,2
A,D,C,C,ADCC,2
G,D,G,G,GDGG,2
T,E,S,S,TESS,2
S,G,T,T,SGTT,2
G,F,C,T,GFCT,2
K,N,S,S,KNSS,2
L,V,C,C,LVCC,2
G,A,C,H,GACH,2
I,G,G,G,IGGG,2
N,G,E,C,NGEC,2
A,N,S,S,ANSS,2
V,Q,E,E,VQEE,2
Q,G,S,C,QGSC,2
L,F,C,C,LFCC,2
G,T,T,T,GTTT,2
N,G,H,H,NGHH,2
G,T,S,S,GTSS,2
G,M,C,S,GMCS,2
H,G,S,C,HGSC,2
G,G,C,G,GGCG,2
F,D,S,C,FDSC,2
G,Q,T,C,GQTC,2
Y,N,E,E,YNEE,2
D,L,C,C,DLCC,2
N,Q,T,T,NQTT,2
Q,V,E,E,QVEE,2
H,G,C,C,HGCC,2
G,V,C,T,GVCT,2
T,N,C,C,TNCC,2
S,P,C,T,SPCT,2
L,N,T,T,LNTT,2
N,T,C,S,NTCS,2
G,P,T,T,GPTT,2
G,R,S,S,GRSS,2
G,Q,T,T,GQTT,2
S,A,C,H,SACH,2
K,S,S,C,KSSC,2
G,L,C,E,GLCE,2
G,F,E,E,GFEE,2
G,I,S,C,GISC,2
K,S,T,S,KSTS,2
S,D,S,C,SDSC,2
G,T,C,T,GTCT,2
N,E,H,H,NEHH,2
S,K,E,E,SKEE,2
S,S,C,C,SSCC,2
L,N,C,C,LNCC,2
K,A,S,S,KASS,2
G,F,S,C,GFSC,2
G,M,T,T,GMTT,2
Q,A,H,T,QAHT,2
G,W,C,E,GWCE,2
G,S,C,E,GSCE,2
S,R,C,C,SRCC,2
S,N,C,C,SNCC,2
A,I,C,C,AICC,2
K,Y,C,S,KYCS,2
E,G,T,C,EGTC,2
V,G,T,T,VGTT,2
V,R,C,C,VRCC,2
G,G,S,T,GGST,2
G,N,S,T,GNST,2
H,S,S,S,HSSS,2
S,N,S,C,SNSC,2
S,G,T,S,SGTS,2
P,E,C,C,PECC,2
D,L,E,E,DLEE,2
G,R,C,T,GRCT,2
S,F,C,C,SFCC,2
T,G,C,S,TGCS,2
G,R,G,G,GRGG,2
I,F,C,C,IFCC,2
f,G,C,C,FGCC,2
A,G,H,C,AGHC,2
D,L,S,S,DLSS,2
G,Y,C,H,GYCH,2
G,W,C,C,GWCC,2
L,P,C,C,LPCC,2
D,A,T,C,DATC,2
Q,V,T,T,QVTT,2
G,V,T,T,GVTT,2
G,E,E,E,GEEE,2
G,Q,S,T,GQST,2
V,D,C,C,VDCC,2
A,D,E,E,ADEE,2
G,K,T,T,GKTT,2
I,E,C,C,IECC,2
R,N,C,C,RNCC,2
F,G,S,S,FGSS,2
A,Y,E,E,AYEE,2
G,N,T,T,GNTT,2
L,G,C,C,LGCC,2
G,G,G,G,GGGG,2
S,G,S,C,SGSC,2
H,G,S,S,HGSS,2
A,E,C,C,AECC,2
L,G,E,S,LGES,2
G,N,T,C,GNTC,2
G,G,C,E,GGCE,2
G,A,E,E,GAEE,2
N,N,S,S,NNSS,2
R,P,C,C,RPCC,2
I,N,E,C,INEC,2
V,G,C,S,VGCS,2
G,G,T,S,GGTS,2
A,H,C,S,AHCS,2
S,N,S,S,SNSS,2
A,a,S,S,AASS,2
K,N,C,C,KNCC,2
S,I,C,C,SICC,2
S,N,C,S,SNCS,2
N,S,T,S,NSTS,2
V,G,E,C,VGEC,2
T,a,C,T,TACT,2
F,G,S,C,FGSC,2
G,A,S,C,GASC,2
Q,G,C,C,QGCC,2
Y,G,C,C,YGCC,2
D,G,C,C,DGCC,2
T,L,C,C,TLCC,2
T,D,S,S,TDSS,2
W,A,T,T,WATT,2
N,Y,C,C,NYCC,2
G,A,G,G,GAGG,2
G,V,S,C,GVSC,2
T,N,S,S,TNSS,2
N,G,S,C,NGSC,2
G,L,C,G,GLCG,3
N,S,T,C,NSTC,3
G,I,T,T,GITT,3
E,G,C,C,EGCC,3
G,P,C,C,GPCC,3
G,C,C,C,GCCC,3
G,G,T,C,GGTC,3
C,G,C,T,CGCT,3
G,P,C,T,GPCT,3
G,K,S,C,GKSC,3
N,D,C,C,NDCC,3
P,N,C,C,PNCC,3
L,T,C,C,LTCC,3
W,G,S,S,WGSS,3
I,G,E,E,IGEE,3
M,G,T,T,MGTT,3
T,G,C,C,TGCC,3
G,N,E,T,GNET,3
E,Y,S,S,EYSS,3
G,S,C,T,GSCT,3
L,S,C,C,LSCC,3
L,D,C,C,LDCC,3
E,G,S,C,EGSC,3
R,V,E,E,RVEE,3
F,S,S,C,FSSC,3
G,I,C,C,GICC,3
F,G,T,T,FGTT,3
S,N,T,T,SNTT,3
K,K,S,S,KKSS,3
K,G,T,E,KGTE,3
S,L,S,S,SLSS,3
F,A,E,E,FAEE,3
G,T,C,S,GTCS,3
F,A,E,C,FAEC,3
G,K,C,S,GKCS,3
G,I,C,S,GICS,3
D,T,C,C,DTCC,3
G,S,S,C,GSSC,3
G,L,C,B,GLCB,3
G,R,C,S,GRCS,3
P,D,C,C,PDCC,3
G,L,C,T,GLCT,3
G,L,S,S,GLSS,3
G,K,C,T,GKCT,3
P,G,S,S,PGSS,3
G,N,C,C,GNCC,3
N,I,C,C,NICC,3
G,S,E,E,GSEE,3
G,D,C,T,GDCT,3
G,K,C,C,GKCC,3
Q,G,S,S,QGSS,3
S,A,C,C,SACC,3
F,K,S,T,FKST,3
G,E,S,C,GESC,4
G,E,C,H,GECH,4
G,A,C,C,GACC,4
G,L,T,C,GLTC,4
S,G,C,C,SGCC,4
G,T,C,C,GTCC,4
G,V,C,C,GVCC,4
E,G,S,S,EGSS,4
G,L,C,C,GLCC,4
G,E,C,T,GECT,4
G,S,T,T,GSTT,4
G,L,T,T,GLTT,4
G,K,S,S,GKSS,4
N,S,C,C,NSCC,4
V,G,S,C,VGSC,4
L,R,C,C,LRCC,4
A,G,C,C,AGCC,4
G,V,C,S,GVCS,4
A,G,T,T,AGTT,4
G,V,E,E,GVEE,4
G,D,S,C,GDSC,4
G,D,T,T,GDTT,5
G,G,C,T,GGCT,5
G,S,C,S,GSCS,5
K,G,S,S,KGSS,5
G,R,C,C,GRCC,5
G,F,C,C,GFCC,5
G,S,C,C,GSCC,5
G,V,C,E,GVCE,5
A,G,S,S,AGSS,5
G,G,S,S,GGSS,6
T,D,C,C,TDCC,6
G,R,T,T,GRTT,6
L,G,C,S,LGCS,6
S,Q,C,S,SQCS,6
R,G,T,T,RGTT,7
G,G,C,S,GGCS,7
G,a,T,T,GATT,7
G,G,E,C,GGEC,8
G,G,T,T,GGTT,9
G,G,S,C,GGSC,9
G,G,C,C,GGCC,23
