AA1,AA2,AA1-AA2,AA1-AA2-count
C,L,CL,1
V,I,VI,1
R,I,RI,1
R,C,RC,1
I,V,IV,1
Y,R,YR,1
V,K,VK,1
I,H,IH,1
G,b,GB,1
F,P,FP,1
N,C,NC,1
E,L,EL,1
P,W,PW,1
D,I,DI,1
Y,D,YD,1
W,Y,WY,1
L,I,LI,1
V,C,VC,1
K,V,KV,1
H,Y,HY,1
E,V,EV,1
T,W,TW,1
Y,V,YV,1
Y,L,YL,1
P,H,PH,1
R,T,RT,1
H,C,HC,1
H,M,HM,1
I,A,IA,1
H,T,HT,1
W,F,WF,1
R,D,RD,1
a,b,AB,1
C,E,CE,1
K,M,KM,1
I,T,IT,1
b,I,BI,1
A,W,AW,1
m,F,MF,1
W,E,WE,1
S,M,SM,1
E,A,EA,1
T,I,TI,1
b,R,BR,1
Q,I,QI,1
Y,T,YT,1
W,L,WL,1
P,C,PC,1
Y,M,YM,1
W,I,WI,1
T,Q,TQ,1
M,R,MR,1
K,F,KF,1
L,K,LK,1
V,A,VA,1
H,P,HP,1
M,V,MV,1
P,Y,PY,1
Y,f,YF,1
C,N,CN,1
T,T,TT,1
P,b,PB,1
Q,W,QW,1
D,Q,DQ,1
L,b,LB,1
Q,F,QF,1
H,Q,HQ,1
C,P,CP,1
C,Y,CY,1
S,C,SC,1
I,W,IW,1
D,M,DM,1
b,G,BG,1
Q,Y,QY,1
P,M,PM,1
D,F,DF,1
C,R,CR,1
D,W,DW,1
F,W,FW,1
b,Q,BQ,1
K,W,KW,1
F,F,FF,1
V,S,VS,1
F,R,FR,1
E,C,EC,1
W,K,WK,1
I,C,IC,1
D,C,DC,1
W,P,WP,1
S,E,SE,1
I,L,IL,1
E,Q,EQ,1
j,D,JD,1
H,F,HF,1
Y,P,YP,1
Q,E,QE,1
A,Q,AQ,1
W,R,WR,1
M,b,MB,1
T,M,TM,1
I,F,IF,2
H,V,HV,2
R,Y,RY,2
Q,D,QD,2
Q,R,QR,2
Y,C,YC,2
D,E,DE,2
X,X,XX,2
D,P,DP,2
E,K,EK,2
V,P,VP,2
K,I,KI,2
K,H,KH,2
P,V,PV,2
V,V,VV,2
P,S,PS,2
Q,N,QN,2
R,K,RK,2
F,I,FI,2
L,F,LF,2
V,F,VF,2
L,W,LW,2
W,A,WA,2
R,H,RH,2
I,R,IR,2
Y,H,YH,2
F,H,FH,2
F,T,FT,2
P,R,PR,2
H,W,HW,2
M,K,MK,2
N,A,NA,2
L,Q,LQ,2
F,Q,FQ,2
N,H,NH,2
D,V,DV,2
V,E,VE,2
D,S,DS,2
D,D,DD,2
R,L,RL,2
T,K,TK,2
F,V,FV,2
V,L,VL,2
c,T,CT,2
R,S,RS,2
Y,Q,YQ,2
D,H,DH,2
A,K,AK,2
R,F,RF,2
F,E,FE,2
E,N,EN,2
V,T,VT,2
T,Y,TY,2
T,S,TS,2
L,M,LM,2
N,R,NR,2
V,W,VW,2
M,D,MD,2
A,T,AT,2
S,H,SH,2
Y,E,YE,2
L,L,LL,2
E,W,EW,2
H,H,HH,2
N,T,NT,2
K,Q,KQ,2
P,Q,PQ,2
I,I,II,2
c,D,CD,2
a,M,AM,2
Y,S,YS,2
E,F,EF,2
K,E,KE,3
Y,K,YK,3
T,P,TP,3
Q,T,QT,3
N,M,NM,3
A,F,AF,3
A,a,AA,3
N,L,NL,3
P,T,PT,3
N,Q,NQ,3
D,Y,DY,3
C,V,CV,3
V,R,VR,3
T,L,TL,3
S,I,SI,3
W,H,WH,3
I,K,IK,3
C,A,CA,3
R,A,RA,3
W,N,WN,3
H,S,HS,3
S,V,SV,3
Q,L,QL,3
N,K,NK,3
V,Q,VQ,3
K,P,KP,3
E,I,EI,3
R,R,RR,3
Y,A,YA,3
Q,A,QA,3
A,c,AC,3
V,Y,VY,3
K,T,KT,3
L,H,LH,3
R,P,RP,3
M,N,MN,3
D,R,DR,3
H,D,HD,3
N,I,NI,4
S,W,SW,4
L,A,LA,4
P,D,PD,4
T,F,TF,4
N,V,NV,4
A,S,AS,4
S,T,ST,4
S,Y,SY,4
N,N,NN,4
P,N,PN,4
K,Y,KY,4
E,S,ES,4
T,V,TV,4
K,L,KL,4
T,a,TA,4
I,E,IE,4
F,N,FN,4
V,D,VD,4
D,N,DN,4
A,L,AL,4
H,L,HL,4
L,Y,LY,4
V,N,VN,4
P,K,PK,4
N,D,ND,5
N,P,NP,5
F,L,FL,5
f,D,FD,5
G,H,GH,5
E,Y,EY,5
I,N,IN,5
H,R,HR,5
T,H,TH,5
W,G,WG,5
A,Y,AY,5
P,G,PG,5
L,P,LP,5
L,R,LR,5
P,L,PL,5
D,T,DT,5
S,P,SP,5
N,F,NF,5
A,E,AE,5
R,E,RE,5
A,I,AI,5
E,P,EP,5
E,D,ED,5
L,T,LT,5
A,H,AH,5
S,K,SK,5
A,N,AN,5
P,E,PE,5
a,V,AV,5
G,C,GC,5
Q,V,QV,5
E,E,EE,5
S,R,SR,5
K,N,KN,5
T,N,TN,6
K,S,KS,6
K,D,KD,6
E,T,ET,6
D,A,DA,6
Y,G,YG,6
K,R,KR,6
F,K,FK,6
T,E,TE,6
S,F,SF,6
P,F,PF,6
G,W,GW,6
L,V,LV,6
L,S,LS,6
R,N,RN,6
G,M,GM,6
F,S,FS,7
Y,N,YN,7
D,G,DG,7
N,Y,NY,7
C,G,CG,7
R,V,RV,7
G,Y,GY,7
M,G,MG,7
A,D,AD,7
K,A,KA,8
L,N,LN,8
N,E,NE,8
D,L,DL,8
K,K,KK,8
F,A,FA,8
S,A,SA,8
S,Q,SQ,9
T,G,TG,9
N,S,NS,10
S,D,SD,10
L,D,LD,10
T,D,TD,10
S,L,SL,10
I,G,IG,11
N,G,NG,11
G,P,GP,12
S,N,SN,12
S,S,SS,12
H,G,HG,12
Q,G,QG,12
R,G,RG,13
K,G,KG,14
F,G,FG,14
G,N,GN,15
E,G,EG,17
G,F,GF,17
L,G,LG,17
G,Q,GQ,17
S,G,SG,17
G,T,GT,18
V,G,VG,18
G,I,GI,19
G,E,GE,20
G,D,GD,24
G,V,GV,25
A,G,AG,25
G,K,GK,25
G,R,GR,26
G,a,GA,27
G,L,GL,31
G,S,GS,35
G,G,GG,83
